"Processed MLD data kindly provided to me by staff at BIOS: Dominic Smith, Rodney Johnson, Nicholas Bates.",,,,,,,,,,
,,,,,,,,,,
Cast ID,Decimal Year,Cast Latitude,Cast Longitude,MLD (T alg.),MLD (S alg),MLD (rho alg),MLD (T threshold),MLD (rho threshold),Column10,Column11
10003001,1988.959732,31.718,64.218,96,96,95.5,97,95.5,30,20
10004002,1989.070025,31.656,64.224,108,112,108,112,112,106,40
10004003,1989.072137,31.69,64.251,105,110,105,110,110,107,21
10005001,1989.130795,31.651,64.208,11,18,11,28.5,18,11,11
10006001,1989.22637,31.659,64.188,11,10.5,10.5,11.5,10.5,11,11
10007007,1989.289688,31.602,64.224,48,18.5,18.5,24,18.5,12,12
10014005,1989.90703,31.617,64.117,88,88,88,88,88,88,88
10028002,1991.039755,31.733,64.135,12,117,12,120,117,12,12
10031001,1991.287024,31.74,64.153,11,18.5,11,47.5,18.5,11,11
10036002,1991.694777,31.733,64.141,36.5,19,38,36.5,19,18,12
10037003,1991.767922,31.732,64.135,20,14,12,20,14,14,12
10037004,1991.768322,31.718,64.143,24.5,14,14,24.5,15,12,12
50003001,1992.034884,31.747,64.167,40,42,42,109,42,40,16
10042001,1992.185613,31.737,64.162,12,14,12,19.5,14,12,12
10042006,1992.188685,31.691,64.078,16,34.5,16,51,34.5,16,16
10045001,1992.456659,31.736,64.161,20,12,14,16,14,16,12
10046001,1992.530927,31.744,64.16,19.5,15.5,21,19.5,15.5,11,11
10048001,1992.703461,31.712,64.176,16,13.5,12,16,13.5,12,12
10048002,1992.704814,31.596,64.179,16,14.5,14,16,14.5,14,14
10050002,1992.856792,31.732,64.167,61.5,49.5,66,61.5,49.5,46,14
10059001,1993.626737,31.734,64.111,30,29,31,30,29,11,11
10060001,1993.700342,31.737,64.173,29,29,14.5,29,14.5,11,11
10060002,1993.70234,31.742,64.146,30,30,28.5,30,28.5,26,26
10060004,1993.703193,31.734,64.139,28,27,27,28,27,27,17
10061001,1993.777102,31.72,64.178,32,32,31,32.5,31,30,16
10061004,1993.780025,31.636,64.188,21.5,10,11,21.5,10,11,11
10062001,1993.853817,31.731,64.167,54,19.5,19.5,54,19.5,15,11
10063001,1993.93058,31.742,64.178,57,57,57,57.5,57,57,45
10064001,1994.031048,31.712,64.192,123,123,125,124,123,123,11
10064002,1994.031115,31.709,64.195,121,489,121,121.5,121,119,97
10064004,1994.031642,31.659,64.246,121,487,121,121,121,33,119
20065001,1994.15985,31.742,64.182,91,93,91,105.5,93,91,87
20065002,1994.160236,31.726,64.22,78,78,78,101.5,78,78,72
10066002,1994.199214,31.743,64.175,13,98.5,11,305.5,98.5,13,11
10069003,1994.448596,31.717,64.125,12.5,12,12,12.5,12,12,12
10070002,1994.544496,31.669,64.173,12,11,12,12,11,12,12
10070003,1994.545961,31.668,64.175,13.5,13,15,13.5,13,11,11
10070004,1994.546638,31.674,64.187,15,14,12,15,12,12,12
10070005,1994.547099,31.681,64.215,12,10,10,12,11,12,12
10070006,1994.547156,31.682,64.219,10.5,10,12,10.5,10,12,12
10071002,1994.621221,31.678,64.177,14,11.5,11,14,11.5,11,11
10071003,1994.62269,31.672,64.167,18.5,17.5,18,18.5,17.5,18,18
10071004,1994.623293,31.683,64.184,18.5,18,21,18.5,18,13,11
10071005,1994.623843,31.686,64.203,19,11.5,22,19,11.5,12,12
10071006,1994.623891,31.689,64.203,15,10.5,11,15,10.5,11,11
10072001,1994.716924,31.604,64.162,34,32,34,34,32,12,12
10072002,1994.717266,31.675,64.167,35,37,35,35.5,35,25,23
10072003,1994.718623,31.661,64.184,39,39,37.5,39,37.5,39,39
10072004,1994.71926,31.677,64.217,45,45,43.5,45,43.5,43,43
10072005,1994.719711,31.696,64.224,38,38,38,38,38,12,12
10072006,1994.719758,31.698,64.227,34,26.5,35,34,26.5,11,11
10073003,1994.798229,31.654,64.154,62,484,62,62.5,62,60,50
10073004,1994.79859,31.625,64.137,52,51,52,52,51,52,16
10073005,1994.799157,31.603,64.132,52,51,50,52,50,15,13
10073006,1994.799212,31.602,64.133,51.5,48.5,53,51.5,48.5,17,11
10074002,1994.869907,31.593,64.168,78,454,78,78.5,78,78,22
10074003,1994.870146,31.668,64.167,75,74.5,77,75.5,74.5,75,15
10074004,1994.872061,31.691,64.172,68,68,68,68.5,68,68,68
10074005,1994.872635,31.693,64.165,82,81,82,82.5,81,80,80
10074006,1994.873069,31.703,64.161,74,74,74,74,74,74,60
10074007,1994.873116,31.704,64.164,67,67,67,67.5,67,67,65
10074008,1994.879108,31.622,64.196,77,79,77,77.5,77,79,15
10075003,1994.936225,31.673,64.163,59,56,45,59,56,47,45
10075004,1994.937844,31.695,64.198,73,68,68,71,68,37,27
10075005,1994.938455,31.683,64.226,78,75.5,75.5,77.5,75.5,74,14
10075006,1994.93887,31.701,64.247,83,81,81,82.5,81,75,57
10075007,1994.938908,31.7,64.254,80,77,77,79,77,66,32
10076002,1995.026115,31.656,64.163,120,120,120,120.5,120,120,114
10076003,1995.028316,31.668,64.168,112,110,110,111.5,110,108,106
10076004,1995.028371,31.668,64.168,109,109.5,109,111,109.5,107,31
10076005,1995.028838,31.671,64.161,106,107,106,108,107,106,106
20076001,1995.085772,31.662,64.185,182,185.5,182,187.5,185.5,156,156
20076002,1995.086315,31.664,64.15,179,159.5,159.5,175,159.5,155,153
20076003,1995.086748,31.61,64.145,190,178,178,192,178,158,18
20076004,1995.086798,31.607,64.147,192,180.5,180.5,193,180.5,172,20
10077001,1995.119543,31.599,64.177,218,224,218,225.5,224,122,120
10077002,1995.119882,31.67,64.169,204,205,204,206,205,204,196
10077003,1995.12136,31.666,64.166,208,209.5,208,212.5,209.5,206,74
10077004,1995.121946,31.678,64.191,216,215.5,215.5,218,215.5,204,204
10077005,1995.12231,31.671,64.18,205,206.5,205,210,206.5,187,185
10077006,1995.122363,31.671,64.178,202,201.5,200,206,201.5,194,18
20077001,1995.162468,31.661,64.161,158,201.5,44,214.5,201.5,158,154
20077002,1995.16308,31.632,64.201,188,156.5,156.5,188,156.5,12,12
20077003,1995.163506,31.629,64.222,11,28.5,11,160.5,28.5,11,11
20077004,1995.163556,31.63,64.225,153.5,21,21,153.5,21,11,11
10078001,1995.2023,31.666,64.166,240,241,241,245,241,240,22
10078002,1995.203545,31.661,64.167,37,251,37,256,251,225,37
10078003,1995.204182,31.607,64.174,227,249.5,231,251,249.5,245,21
20078001,1995.239728,31.643,64.191,198,214.5,214.5,219,214.5,198,22
50013002,1995.239728,31.643,64.191,198,214.5,214.5,219,214.5,198,22
20078002,1995.240175,31.639,64.188,29,217.5,11,222.5,217.5,29,11
50013003,1995.240175,31.639,64.188,29,217.5,11,222.5,217.5,29,11
20078003,1995.240226,31.638,64.19,200,211,202,215.5,211,202,46
50013004,1995.240226,31.638,64.19,200,211,202,215.5,211,202,46
10079002,1995.272664,31.666,64.177,46,51.5,51.5,54.5,51.5,46,28
10079003,1995.274814,31.664,64.159,76,80,76,83.5,86,78,78
10079004,1995.275337,31.696,64.178,66,68,64,72,72.5,26,14
10079005,1995.275719,31.715,64.168,72,28,28,51,28,16,12
10079006,1995.275776,31.719,64.169,61,26,26,47,26,15,13
20079001,1995.319269,31.719,64.203,38,37.5,37.5,38.5,37.5,14,12
20079002,1995.319697,31.746,64.194,48,29.5,29.5,38,29.5,12,12
10080001,1995.35484,31.589,64.171,74,73,73,74.5,73,16,12
10080002,1995.35515,31.666,64.167,92,87,87,91,87,16,16
10080003,1995.356962,31.653,64.176,86,92,86,94,92,54,54
10080004,1995.35761,31.66,64.169,9,14.5,9,77,14.5,11,11
10080005,1995.357978,31.654,64.203,12,13.5,12,34,13.5,12,12
10080006,1995.358029,31.653,64.202,109,90.5,90.5,94.5,90.5,17,17
10081001,1995.445713,31.604,64.157,9,9,9,9.5,9,11,11
10081002,1995.446041,31.669,64.165,9,13,9,9.5,9,11,11
10081003,1995.447363,31.686,64.159,10,9.5,11,10,9.5,11,11
10082002,1995.52407,31.649,64.169,9.5,9,11,9.5,9,11,11
10082003,1995.524779,31.684,64.24,11,10.5,11,11,10.5,11,11
10082004,1995.525183,31.71,64.227,9.5,9,11,9.5,9,11,11
10082005,1995.525244,31.716,64.226,10,10,10,10,10,12,12
10082006,1995.525921,31.665,64.165,10,9,11,10,9,11,11
50014004,1995.567671,31.666,64.169,12,11.5,13,12,11.5,11,11
10083002,1995.628916,31.672,64.171,18,14,14,18,14,12,12
10083003,1995.630949,31.645,64.221,19,20.5,20.5,21.5,20.5,19,17
10083005,1995.639911,31.668,64.162,35,14.5,39,35,14.5,11,11
10083006,1995.639964,31.668,64.152,33,28.5,38,33,28.5,12,12
10084002,1995.697713,31.666,64.167,15,11,11,15,11,11,11
10084003,1995.699433,31.647,64.194,15,13,11,15,13,11,11
10084004,1995.700011,31.64,64.237,11,14,11,15.5,14,11,11
10084005,1995.700559,31.637,64.247,11,11.5,11,16,11.5,11,11
10084006,1995.700613,31.639,64.243,22.5,12.5,12.5,22.5,12.5,12,12
10085002,1995.773914,31.669,64.167,27,18,36,27,18,12,12
10085003,1995.774252,31.7,64.183,17,11,11,17,11,11,11
10085004,1995.774585,31.664,64.167,30.5,16,35,30.5,16,11,11
10085005,1995.779827,31.67,64.169,33,28.5,39,33,28.5,15,11
10085006,1995.782228,31.679,64.251,35,34,36,35,34,20,14
10086001,1995.861035,31.68,64.146,80,63.5,80,82,63.5,44,12
10086002,1995.861338,31.674,64.162,76,50,54.5,72,54.5,48,28
10086003,1995.861396,31.673,64.166,81,62,62,72,62,41,11
10086004,1995.861678,31.633,64.21,77.5,77,76,77.5,76,63,55
10087001,1995.953092,31.668,64.166,105,70,70,107,70,69,13
10087003,1995.954863,31.638,64.118,111,65.5,65.5,106,65.5,65,63
10087004,1995.955099,31.633,64.103,119,70.5,70.5,110,70.5,71,35
10087005,1995.955141,31.63,64.102,125,81.5,81.5,116,81.5,79,21
10087006,1995.955303,31.633,64.102,109,87,88.5,111,88.5,19,11
10087008,1995.955898,31.594,64.17,52,63,52,70,63,52,52
10088001,1996.080401,31.643,64.182,206,210.5,198,211.5,210.5,208,122
10088002,1996.080902,31.658,64.188,227,140.5,140.5,206,140.5,207,11
10088003,1996.081256,31.652,64.193,199,146,146,214,146,23,11
10088005,1996.081788,31.645,64.194,208,77,77,200,77,24,14
10088006,1996.082584,31.671,64.168,23,37.5,17,189.5,37.5,23,17
10089001,1996.115906,31.584,64.164,142,162,162,169.5,162,142,64
10089002,1996.116602,31.666,64.167,24,116.5,22,179.5,116.5,24,22
10089003,1996.122835,31.647,64.165,168,176.5,172,172.5,176.5,38,18
10089004,1996.123282,31.672,64.169,75,177,77,174.5,177,159,77
10089005,1996.124758,31.612,64.118,162,150,162,162,162,146,14
10089006,1996.125086,31.611,64.112,159,160.5,160.5,160.5,160.5,67,65
20089001,1996.159705,31.663,64.167,155,153,158,158,163,147,147
20089002,1996.16042,31.633,64.185,11,24,11,151,24,11,11
20089003,1996.160738,31.634,64.2,130,13.5,13.5,130,13.5,11,11
20089004,1996.160788,31.633,64.2,11,141.5,11,142.5,141.5,11,11
10090001,1996.201041,31.691,64.121,46,47,44,48.5,47,44,34
10090002,1996.201591,31.68,64.084,43,36,36,38.5,36,11,11
10090003,1996.201924,31.674,64.071,53,31.5,31.5,38.5,31.5,19,19
10090004,1996.201971,31.674,64.07,11,27,11,35,27,11,11
10090005,1996.202879,31.696,64.183,40,44.5,42,46,44.5,40,12
20090001,1996.236429,31.668,64.182,58,62,58,64.5,62,54,52
20090002,1996.237061,31.658,64.164,37,37,37,38.5,37,11,11
20090003,1996.237473,31.671,64.191,40,38,38,40.5,38,12,12
20090004,1996.237521,31.674,64.193,36,21.5,21.5,36,21.5,11,11
10091001,1996.267559,31.666,64.17,46,19,19,27.5,19,18,12
10091002,1996.269441,31.658,64.182,50,52,50,53,52,52,26
10091006,1996.279798,31.667,64.164,52,54.5,52,55,54.5,52,52
10091007,1996.279996,31.667,64.165,50,54,28,54.5,54,36,36
20091001,1996.307783,31.658,64.192,17,21.5,15,21.5,21.5,15,15
20091002,1996.308324,31.631,64.212,0,13.5,0,15.5,13.5,12,12
20091003,1996.308685,31.618,64.219,37,13.5,13.5,17.5,13.5,11,11
20091004,1996.308731,31.619,64.222,12,14.5,12,19.5,14.5,12,12
10092001,1996.344382,31.67,64.15,13,11,13,13,13,11,11
10092002,1996.346625,31.64,64.114,9,9,9,10,9.5,11,11
10092006,1996.35222,31.664,64.163,30,27,27,30.5,27,12,12
10092007,1996.352911,31.675,64.164,30,32,30,30.5,30,18,18
10093001,1996.439292,31.673,64.165,21,11.5,11.5,12.5,11.5,11,11
10093002,1996.440411,31.707,64.172,13,10.5,11,13,10.5,11,11
10093003,1996.442521,31.675,64.161,14,12.5,14,14,12.5,12,12
10093004,1996.442867,31.677,64.144,16,16,16,16.5,16,14,12
10093005,1996.442913,31.677,64.142,12.5,11.5,11,12.5,11.5,11,11
10093006,1996.443577,31.659,64.144,11.5,11,12,11.5,11,12,12
20093003,1996.505034,31.641,64.154,29,14,31,15.5,14,13,13
20093004,1996.505474,31.612,64.156,20.5,15.5,12,20.5,15.5,12,12
20093005,1996.506111,31.603,64.164,11.5,10.5,12,11.5,10.5,12,12
20093006,1996.506448,31.607,64.139,12.5,12,13,12.5,12,13,13
20093007,1996.506954,31.667,64.164,28,16,26,15,16,12,12
20093008,1996.507772,31.645,64.161,10.5,10,10,10.5,10,12,12
20093009,1996.50817,31.632,64.147,21,11,11,12.5,11,11,11
20093010,1996.508826,31.616,64.15,10.5,10,10,10.5,10,12,12
20093011,1996.509083,31.614,64.131,24,12,12,13.5,12,12,12
10094001,1996.519258,31.592,64.21,23.5,20.5,27,23.5,20.5,17,17
10094005,1996.520904,31.666,64.169,13,13,12,13,12,13,13
10095001,1996.593337,31.708,64.105,20.5,17,25,20.5,17,11,11
10095003,1996.595919,31.703,64.141,20.5,19,27,20.5,19,13,11
10095004,1996.596427,31.704,64.137,19,16,12,19,16,12,12
10095006,1996.602378,31.669,64.165,28.5,24.5,30,28.5,24.5,22,14
10096001,1996.672804,31.685,64.139,33,22.5,33,33,22.5,11,11
10096002,1996.673215,31.684,64.139,32,25.5,32,32,25.5,12,12
10096003,1996.673721,31.684,64.135,31.5,25,16,31.5,16,11,11
10096004,1996.673775,31.684,64.135,34.5,30,22.5,34.5,22.5,12,12
10096005,1996.679165,31.658,64.166,28.5,12.5,35,28.5,12.5,11,11
10097002,1996.769174,31.667,64.168,37,11.5,11.5,38.5,11.5,11,11
10097003,1996.771288,31.682,64.203,30,22,22,50,24,14,14
10097004,1996.771764,31.685,64.226,53,12.5,12.5,53,12.5,11,11
10097005,1996.771817,31.684,64.227,27,16,13,47.5,16,13,13
50017002,1996.824412,31.667,64.169,47.5,46.5,48,47.5,46.5,48,18
50017008,1996.833659,31.668,64.169,51,51,51,51.5,51,33,33
10098001,1996.845289,31.668,64.167,45,19.5,19.5,45,19.5,17,11
10098002,1996.848002,31.625,64.189,44,15,15,44,15,11,11
10098005,1996.868061,31.666,64.169,66,62.5,62.5,64,62.5,26,12
10099001,1996.946682,31.611,64.191,166,154,154,166.5,154,154,40
10099003,1996.951724,31.661,64.168,179,133,133,178.5,133,135,97
10099004,1996.951777,31.657,64.163,177,126.5,126.5,173.5,126.5,109,101
10100001,1997.034671,31.66,64.149,140,91,91,140.5,91,138,20
10100002,1997.0371,31.696,64.165,140,120.5,120.5,127.5,120.5,66,26
10100003,1997.037763,31.697,64.147,43,121,43,121.5,121,19,19
10100004,1997.037823,31.697,64.148,131.5,130,113,131.5,130,129,17
20100001,1997.075352,31.657,64.212,118,112,114,114,115.5,112,16
20100002,1997.076126,31.633,64.252,124,120.5,117,117,120.5,96,34
20100003,1997.076182,31.634,64.254,126,123,118.5,118.5,123,110,110
10101001,1997.102881,31.616,64.225,33,35.5,35.5,49,35.5,33,11
10101002,1997.103217,31.606,64.233,12,36.5,12,46.5,36.5,12,12
10101004,1997.104054,31.662,64.166,61,34,34,53.5,34,35,11
10101005,1997.111124,31.672,64.167,46,50,50,51.5,50,46,40
20101001,1997.141113,31.668,64.24,20,24.5,24.5,29,24.5,20,12
10102001,1997.171545,31.671,64.175,12,17.5,12,28.5,17.5,12,12
10102002,1997.174085,31.681,64.184,45,24,24,35,24,11,11
10102003,1997.174827,31.684,64.218,14,21,12,34,21,14,12
10102004,1997.174882,31.681,64.224,37,26.5,26.5,35,26.5,11,11
10102005,1997.177013,31.667,64.167,28,24.5,24.5,29.5,24.5,18,16
20102001,1997.212321,31.684,64.193,77,80,79,79,80,73,73
20102002,1997.213206,31.714,64.192,79,62.5,62.5,67,62.5,15,13
20102003,1997.213255,31.714,64.192,70,63,63,64.5,63,16,16
10103001,1997.267342,31.72,64.144,195,51,51,181,51,11,11
10104001,1997.34161,31.666,64.167,23,20,20,23,20,15,15
10104002,1997.34395,31.648,64.111,41,36,36,43.5,36,25,13
10104005,1997.347317,31.665,64.167,0,11,11,11.5,11,12,12
10105002,1997.440247,31.668,64.166,20.5,18.5,0,20.5,18.5,16,12
10105003,1997.442532,31.617,64.172,37.5,36,38,37.5,36,12,12
10105004,1997.443111,31.587,64.189,31.5,25.5,35,31.5,25.5,13,13
10105005,1997.443158,31.587,64.194,31,15,38,31,15,12,12
10105006,1997.446197,31.666,64.163,25,22.5,25,25.5,22.5,19,15
10106001,1997.535776,31.693,64.14,11,10.5,10,11,10.5,12,12
10106002,1997.538427,31.69,64.13,14,12,14,14,12,12,12
10106003,1997.538588,31.706,64.121,12,11,12,12,11,12,12
10106004,1997.538634,31.709,64.118,13,11.5,13,13,11.5,11,11
10106005,1997.541619,31.671,64.149,19,10.5,10.5,11.5,10.5,11,11
10107001,1997.610088,31.667,64.163,21.5,11,27,21.5,11,11,11
10107003,1997.612464,31.707,64.135,18,11,12,18,11,12,12
10107004,1997.613029,31.703,64.106,23,20,29,23,20,19,17
10107005,1997.613076,31.699,64.106,21.5,19,25,21.5,19,15,15
10107006,1997.613537,31.694,64.08,24,17,26,24,17,18,14
10107008,1997.616457,31.666,64.167,24,24,20.5,24.5,20.5,22,18
10107010,1997.617275,31.682,64.162,22.5,19,19,22.5,20.5,21,17
10107012,1997.619079,31.666,64.172,27,17.5,27,27,17.5,19,15
10108001,1997.696197,31.666,64.168,37,35.5,37,37,35.5,37,25
10108002,1997.697369,31.655,64.149,33,28,39,38,28,11,11
10108003,1997.697702,31.647,64.125,46,27,46,46,27,26,12
10108004,1997.697763,31.645,64.124,45,24,47,45.5,24,11,11
10109002,1997.763849,31.638,64.2,31,31,28.5,31,28.5,27,27
10109003,1997.766172,31.666,64.167,26,24,21.5,26,21.5,26,20
10109004,1997.766813,31.655,64.111,36.5,36,36,36.5,36,36,32
10109005,1997.766861,31.659,64.109,37,37,36.5,37,36.5,37,35
10109006,1997.768978,31.664,64.17,27,26,26,27,26,26,22
10110001,1997.864941,31.664,64.165,58,53.5,51,51,53.5,12,12
10110002,1997.865426,31.671,64.161,76,72,65.5,65.5,72,58,12
10110003,1997.865472,31.67,64.163,72,70.5,64,64,70.5,30,12
10110004,1997.86597,31.665,64.167,68,67,67,66,67,42,50
10110005,1997.869408,31.668,64.167,22,26,20,27.5,26,22,20
10111004,1997.946747,31.663,64.199,98,98,97,98.5,97,98,98
10112001,1998.034646,31.703,64.224,43,41.5,41.5,43.5,41.5,23,23
10112002,1998.035293,31.703,64.25,42,36.5,36.5,38,36.5,22,22
10112004,1998.036351,31.667,64.169,75,62.5,62.5,68.5,62.5,57,53
10112005,1998.037983,31.682,64.171,12,29.5,12,29,29.5,12,12
50020002,1998.092218,31.667,64.166,96,96,94,97.5,96,96,86
10113002,1998.117034,31.679,64.161,32,56.5,32,59,56.5,32,32
10113003,1998.117392,31.694,64.17,27,33.5,33,33,33.5,19,19
10113004,1998.117479,31.691,64.168,22,28.5,22,28,28.5,22,22
10113005,1998.118168,31.628,64.158,106,97,97,100,97,80,80
10114002,1998.193442,31.67,64.133,51,87.5,51,99.5,87.5,51,51
10114005,1998.195086,31.666,64.168,109,153.5,109,126,153.5,109,109
10115002,1998.264745,31.696,64.127,81,81,83,83.5,83.5,83,85
10115005,1998.266838,31.666,64.163,94,96.5,94,96.5,96.5,94,92
20115001,1998.291543,31.667,64.164,35,59,53,74.5,59,35,17
50021016,1998.291543,31.667,64.164,35,59,53,74.5,59,35,17
10116001,1998.341501,31.681,64.173,27,28.5,27,31,28.5,25,19
10116002,1998.341981,31.663,64.146,45,46,45,47,46,33,33
10116003,1998.34203,31.665,64.148,43,44,43,45.5,44,39,29
10116004,1998.343276,31.667,64.166,31,32.5,31,34,32.5,33,25
10116008,1998.348891,31.669,64.165,38,12.5,12,41,12.5,14,12
10117001,1998.418101,31.661,64.114,22.5,18.5,22,22.5,18.5,12,12
60869001,1998.418101,31.661,64.114,17,17,17,18,17,15,11
10117002,1998.41868,31.661,64.087,24,12,12,20,12,12,12
10117003,1998.418729,31.66,64.087,14.5,12.5,12,14.5,12.5,12,12
10117004,1998.420023,31.657,64.157,13,10.5,15,13,10.5,11,11
10117005,1998.421172,31.666,64.188,14.5,13,14,14.5,13,12,12
50022013,1998.499876,31.668,64.167,26,13.5,13.5,15,13.5,14,12
10118003,1998.51395,31.651,64.145,14.5,12.5,16,14.5,12.5,12,12
10118004,1998.514022,31.648,64.141,11,10.5,12,11,10.5,12,12
10118005,1998.514553,31.633,64.152,13,12,14,13,12,12,12
10118006,1998.515887,31.669,64.163,14.5,12,16,14.5,12,12,12
10118007,1998.517146,31.66,64.163,11.5,10.5,12,11.5,10.5,12,12
10119001,1998.609437,31.663,64.183,21.5,19.5,26,21.5,19.5,18,16
10119002,1998.609852,31.67,64.21,19.5,18.5,21,19.5,18.5,17,17
10119003,1998.609912,31.673,64.211,23,22,23,23,22,19,15
10119004,1998.610483,31.701,64.236,20.5,15.5,25,20.5,15.5,11,11
10120001,1998.687445,31.646,64.213,35,26,26,32,26,29,13
10121001,1998.807135,31.684,64.112,49,27,49,45.5,36.5,23,23
10121002,1998.807207,31.683,64.109,54,44.5,44.5,48.5,44.5,22,16
10121004,1998.809142,31.666,64.165,54,52,46,54,46,44,32
10122001,1998.878149,31.662,64.166,82,39,39,61,39,38,34
10122002,1998.878796,31.716,64.164,75,21,21,50.5,21,11,11
10122003,1998.878975,31.729,64.152,12,21.5,12,43.5,21.5,12,12
10122004,1998.880717,31.655,64.169,87,32,32,70.5,32,31,27
50024002,1998.896161,31.664,64.169,81,62.5,79,71.5,62.5,63,63
10123001,1998.935613,31.655,64.175,79,81,81,84.5,83,45,49
10123002,1998.93583,31.642,64.185,79,77,79,79,77,35,11
10123003,1998.935892,31.638,64.187,65,65,65,76,73.5,75,11
10123004,1998.936596,31.628,64.205,79,75,67.5,79,67.5,11,11
10123005,1998.937348,31.638,64.187,73,73,72.5,74,72.5,11,11
10124001,1999.0379,31.608,64.102,103,9,12.5,106.5,12.5,11,11
10124003,1999.04102,31.664,64.072,107,32,32,107.5,32,109,27
20124001,1999.072848,31.702,64.151,95,95,95,95,95,95,13
20124002,1999.072922,31.705,64.147,95,95,95,95,95,95,87
20124003,1999.073438,31.735,64.151,26,104,12,101.5,100,52,12
10125001,1999.114907,31.675,64.171,66,70.5,66,71,70.5,66,66
20125002,1999.149365,31.707,64.156,159,151,151,151.5,151,35,27
20125003,1999.150483,31.73,64.158,47,74.5,43,80.5,74.5,47,43
30125001,1999.211533,31.667,64.166,52,137,44,143.5,137,52,44
30125002,1999.2116,31.666,64.169,46,145,26,150,145,46,46
10126001,1999.22344,31.66,64.177,12,11.5,11.5,19,11.5,12,12
10126002,1999.223505,31.664,64.177,11,10.5,9,14,10.5,11,11
10126003,1999.22422,31.66,64.23,16,25,12,50.5,25,16,12
10126004,1999.22558,31.663,64.164,202,20.5,20.5,204,20.5,12,12
10127001,1999.264564,31.602,64.155,106,136,32,147.5,162.5,106,14
10127002,1999.264627,31.598,64.152,102,122,102,142.5,149.5,102,102
10127004,1999.266488,31.663,64.173,167,181,159,182,181,167,159
10128001,1999.338562,31.673,64.209,16,14.5,14,28,14.5,16,12
10128002,1999.338617,31.671,64.213,14,14,14,29,14,14,12
10128003,1999.33938,31.685,64.241,0,10.5,10.5,14,10.5,11,11
10128004,1999.340297,31.682,64.168,9,11,9,13,11,11,11
50026006,1999.378881,31.667,64.167,17,17,17,17,17,19,19
10129001,1999.415306,31.643,64.168,17,15,17,18.5,17,19,11
10129003,1999.415615,31.636,64.19,20,17,16,18.5,17,16,16
10129004,1999.416124,31.618,64.22,16.5,16.5,16.5,16.5,17.5,11,11
10129005,1999.417024,31.667,64.168,22,30,22,22,22,20,18
10130003,1999.511136,31.702,64.129,17.5,17,16.5,17.5,16.5,11,11
10130004,1999.511178,31.704,64.128,19,17,17,19,19,11,11
10130006,1999.51289,31.667,64.166,13,12,13,13,12,13,13
10131002,1999.587881,31.665,64.169,29,27,29,29.5,29,11,11
10131003,1999.587939,31.663,64.17,27.5,27,29,27.5,27,11,11
10131004,1999.588379,31.682,64.135,27.5,27,14,27.5,14,11,11
10132001,1999.7055,31.659,64.214,36,33.5,36,36,33.5,32,30
10132002,1999.705554,31.656,64.223,35,34,35,35,34,33,27
10132004,1999.707437,31.669,64.168,31,29,35,31,29,11,11
50027012,1999.765569,31.663,64.166,44,33.5,44,44,33.5,24,16
10133001,1999.779414,31.647,64.159,46,42.5,46,46.5,42.5,38,28
10133002,1999.77946,31.646,64.159,47,47,42.5,47,42.5,37,37
10133003,1999.779899,31.634,64.153,46,43.5,47,46,43.5,43,11
10133004,1999.780529,31.602,64.157,43,40,44,43,40,42,14
50028017,1999.806221,31.664,64.137,37,37,37,38,37,39,21
10134006,1999.861005,31.658,64.159,65,65,65,67,66,67,67
10135001,1999.938746,31.68,64.203,87,86,88,87,86,86,68
10135002,1999.938784,31.685,64.204,87,87,84.5,87,84.5,83,71
10135003,1999.939136,31.723,64.192,38,78,50,83,86,50,50
10135005,1999.940708,31.672,64.176,39,91,39,92.5,91.5,85,39
10136001,2000.076084,31.667,64.242,151,156,151,158,156,151,151
10136003,2000.078349,31.662,64.175,72,125.5,125.5,125.5,125.5,72,12
10136004,2000.078392,31.664,64.178,49,78.5,47,109.5,78.5,49,47
10136005,2000.079043,31.659,64.148,136,112,112,112,112,84,12
10137001,2000.124876,31.633,64.129,86,90.5,90.5,129,90.5,86,14
10137002,2000.12492,31.63,64.13,14,84.5,12,131,84.5,14,12
10137003,2000.125533,31.617,64.099,64,83.5,83.5,114,83.5,64,24
10137004,2000.125989,31.618,64.116,34,60,14,68.5,60,34,14
10138004,2000.200672,31.642,64.171,37,67.5,37,74,67.5,45,35
20138001,2000.236868,31.64,64.174,25,43,25,38.5,43,25,25
20138002,2000.236914,31.637,64.174,34,42,34,40,42,26,28
20138003,2000.237624,31.595,64.182,22,38.5,22,39.5,38.5,22,22
10139001,2000.273558,31.649,64.171,38,38,38,38.5,38,20,20
10139002,2000.275428,31.621,64.234,45,45,45,45.5,45,43,43
10139003,2000.275481,31.614,64.236,42,42,42,42.5,42,42,16
10140002,2000.354836,31.668,64.091,12,11,11,13,11,12,12
10140003,2000.354886,31.668,64.087,11,11,11,12.5,11,11,11
10140005,2000.356634,31.643,64.171,16,13,13,16,13,12,12
10141002,2000.428826,31.638,64.089,19,15.5,15.5,17.5,15.5,11,11
10141003,2000.42886,31.636,64.086,24,19,19,23,19,16,14
10142002,2000.524696,31.607,64.182,25,24,25,26,24,19,19
10142003,2000.524736,31.603,64.182,26,23.5,26,26,23.5,22,22
10142005,2000.526608,31.624,64.212,23,22.5,23,23,22.5,23,19
10143002,2000.601545,31.656,64.198,28,12,12,16,12,12,12
10143003,2000.601589,31.654,64.196,27,10,10,13,10,11,11
10143004,2000.602032,31.631,64.241,15,11,12,15,11,12,12
10143005,2000.603364,31.662,64.171,13,10.5,12,13,10.5,12,12
10144001,2000.695213,31.585,64.166,30.5,29.5,31,30.5,29.5,31,23
10144002,2000.695588,31.604,64.175,29,27.5,29,29,27.5,29,19
10144003,2000.700257,31.703,64.1,32,10,10,32.5,10.5,12,12
10144004,2000.70031,31.705,64.098,35,9,9,37,10,11,11
10144006,2000.702116,31.643,64.161,32,26,32,32,26,18,18
10145001,2000.796128,31.595,64.159,40.5,25.5,50,40.5,25.5,14,12
10145002,2000.796174,31.588,64.156,47,32,56,47,32,14,12
10145004,2000.798583,31.618,64.199,44,39,44,42,39,38,36
10146002,2000.870107,31.598,64.18,76,76,76,77.5,76.5,78,78
10146003,2000.870152,31.595,64.18,73.5,73,75,73.5,73,11,11
10147001,2000.94683,31.668,64.177,94,94,92,95.5,92,84,54
10147002,2000.946874,31.666,64.174,91,89,84.5,91,84.5,83,47
10147003,2000.947367,31.668,64.185,89,86,86,89.5,86,83,81
10147004,2000.947789,31.649,64.208,98,94,94,99,94,90,12
10148001,2001.081069,31.68,64.207,150,142.5,142.5,147,142.5,142,118
10148002,2001.081111,31.68,64.208,140,136.5,136.5,139.5,136.5,136,94
10148003,2001.081627,31.668,64.258,11,93,11,118,93,11,11
10148006,2001.086518,31.66,64.175,171.5,117,117,171.5,117,180,34
10149001,2001.138623,31.664,64.195,73,72,72,73,72,69,69
10149002,2001.138666,31.667,64.197,74,76,76,77,76,72,72
10149003,2001.13921,31.646,64.257,87,85.5,85.5,88,85.5,23,19
10149004,2001.139736,31.665,64.172,29,69,27,76.5,69,29,27
20149001,2001.184854,31.686,64.171,38,37,37,38,37,32,32
20149002,2001.184897,31.688,64.17,52,50.5,52,52,50.5,42,42
20149003,2001.185143,31.702,64.165,50,48,52,52,52,50,12
20149004,2001.185527,31.719,64.172,48,44,46,46.5,46,12,12
20149005,2001.185913,31.738,64.182,49,46.5,46.5,49,46.5,13,11
10150001,2001.215327,31.606,64.215,64,64,64,66.5,66.5,64,60
10150002,2001.215367,31.606,64.217,71,65,71,73,73,65,65
10150004,2001.217508,31.632,64.183,73,106.5,101.5,101.5,106.5,73,17
20150003,2001.256062,31.635,64.193,156,148.5,148.5,151.5,148.5,138,104
10151001,2001.294682,31.684,64.15,11,27.5,11,37.5,27.5,11,11
10151002,2001.294726,31.686,64.151,12,26.5,12,41.5,26.5,12,12
10151003,2001.296948,31.65,64.184,23,23,23,45,23,23,19
10151004,2001.297898,31.639,64.168,22,24,24,55,24,22,16
10152002,2001.369039,31.664,64.096,24,26.5,22,26.5,26.5,26,22
10152003,2001.370341,31.604,64.14,56,39,39,40,39,36,24
10153003,2001.426174,31.598,64.159,13,10.5,10.5,13,10.5,11,11
10153004,2001.426218,31.594,64.16,18,11,11,13,11,12,12
10153006,2001.427683,31.631,64.169,13,11.5,12,13,11.5,12,12
10154004,2001.545635,31.633,64.168,15.5,13,12,15.5,13,12,12
10155001,2001.597182,31.585,64.17,24,16.5,24,24,16.5,13,11
10155002,2001.59864,31.661,64.237,25,20.5,20.5,23.5,20.5,17,11
10155003,2001.598689,31.66,64.239,31,22,22,27.5,22,26,11
10155006,2001.60118,31.656,64.171,22.5,22,12,22.5,12,11,11
10156002,2001.695611,31.585,64.172,36,36,18.5,36,18.5,14,12
10156003,2001.697317,31.661,64.167,38,36,38,38,36,36,24
10156004,2001.697365,31.661,64.166,38,36.5,38,38.5,36.5,38,22
10156005,2001.697955,31.633,64.169,40.5,28,21,40.5,21,12,12
10156006,2001.699509,31.64,64.152,34,32,32,34,32.5,34,28
10157002,2001.789726,31.665,64.165,32.5,18.5,18.5,32.5,18.5,12,12
10157003,2001.790502,31.655,64.167,24,16.5,16.5,24,16.5,11,11
10157004,2001.790554,31.655,64.168,12,14,12,18.5,14,12,12
10158001,2001.856326,31.684,64.152,60,60,59,60.5,59,60,60
10158002,2001.856385,31.682,64.149,63.5,62,63,63.5,62,63,61
10158003,2001.856914,31.679,64.184,60.5,58,58,60.5,58.5,58,12
10158004,2001.858181,31.671,64.157,60,60,60,61,60,60,12
10159001,2001.944081,31.645,64.174,84,83.5,84,85,83.5,82,82
10159002,2001.944123,31.645,64.173,88,86,86,88,86.5,86,84
10159003,2001.944732,31.62,64.192,87.5,86,88,87.5,86,86,84
10159004,2001.945177,31.664,64.164,88,76.5,76.5,79.5,76.5,72,60
10161001,2002.157787,31.665,64.105,74,39,39,56.5,39,30,12
10161002,2002.158257,31.664,64.075,44,46,46,53.5,46,44,12
10161004,2002.159762,31.666,64.164,135,143,133,146.5,143,135,133
10162001,2002.212568,31.661,64.095,48,54,48,57.5,54,52,26
10162002,2002.212612,31.662,64.092,50,52,44,53.5,52,50,18
10162004,2002.215672,31.673,64.163,70,83.5,83.5,141,83.5,70,22
10163002,2002.289188,31.655,64.17,36,42,42,43.5,42,36,20
10163003,2002.289226,31.65,64.167,12,39,12,41.5,39,12,12
10163004,2002.289747,31.624,64.189,12,28,12,30.5,28,12,12
10163005,2002.290559,31.664,64.167,20,25.5,18,33,25.5,20,18
10164002,2002.365868,31.696,64.218,24,16,16,18,16,12,12
10164003,2002.365909,31.695,64.216,24,23.5,23.5,26,23.5,18,12
10164005,2002.367304,31.665,64.172,31,21.5,21.5,28.5,21.5,11,11
10165004,2002.424998,31.666,64.171,28,13,13,14.5,13,12,12
10166001,2002.500127,31.687,64.197,17,16,18,17,16,14,12
10166002,2002.500166,31.684,64.199,18.5,18,20,18.5,18,12,12
10166003,2002.50071,31.677,64.204,16,15,18,16.5,15,14,12
10166004,2002.501598,31.665,64.171,18.5,16.5,20,18.5,16.5,16,12
10167001,2002.63437,31.649,64.251,12,11.5,11,12,11.5,11,11
10167002,2002.634412,31.647,64.259,14.5,11.5,12,14.5,11.5,12,12
10167004,2002.636309,31.667,64.169,14.5,12,12,14.5,12,12,12
10168001,2002.711092,31.677,64.239,47,45.5,47,47.5,45.5,45,43
10168002,2002.711136,31.678,64.243,47.5,47,45.5,47.5,45.5,47,43
10168004,2002.712548,31.667,64.165,25,17,12,25,17,14,12
10169003,2002.768619,31.626,64.199,52,20,20,52,20.5,22,12
10169004,2002.768662,31.623,64.199,52,14,16,52.5,16,20,12
10169006,2002.770358,31.64,64.155,46,20.5,20.5,23.5,20.5,16,14
10170002,2002.867329,31.666,64.111,71,34.5,34.5,72.5,34.5,31,29
10170003,2002.867382,31.667,64.105,68,32,32,68.5,33,32,30
10170005,2002.86872,31.67,64.165,64,62,64,65,62,46,32
10171002,2002.939619,31.666,64.164,30,34,30,34.5,34,30,30
10171003,2002.941324,31.651,64.122,94,69,69,69.5,69,64,62
10171004,2002.94137,31.649,64.121,62,66.5,62,66.5,66.5,62,62
10171005,2002.941768,31.643,64.104,69,70.5,70.5,72,70.5,69,67
10172001,2003.060238,31.673,64.161,11,18.5,11,28,18.5,11,11
10172002,2003.060485,31.681,64.163,13,18,11,21.5,18,13,11
10172003,2003.094749,31.71,64.221,82,94.5,82,96,94.5,82,82
10172004,2003.094815,31.711,64.229,87,92.5,85,97,92.5,87,85
10173001,2003.141362,31.681,64.174,22,22,20,31.5,34,22,20
10173002,2003.141414,31.682,64.173,15,19,11,29,30,15,11
10173003,2003.141904,31.683,64.173,12,24,12,26,24,12,12
10173004,2003.143025,31.668,64.167,30,37,30,44,37,30,30
10174001,2003.218057,31.703,64.208,58,62,60,64.5,62,26,26
10174002,2003.218118,31.706,64.212,39,61,55,63.5,61,39,23
10174003,2003.218752,31.73,64.209,14,19.5,14,50.5,19.5,14,14
10174004,2003.220188,31.676,64.172,42,80.5,46,83.5,80.5,70,68
20174003,2003.253668,31.661,64.129,74,76,72,78.5,76,54,16
20174004,2003.253716,31.661,64.123,86,70,70,80.5,70,18,12
20174005,2003.254224,31.658,64.102,13,14.5,13,17,14.5,13,13
10175001,2003.305398,31.652,64.137,30,490,30,31,30,28,28
10175002,2003.305776,31.665,64.139,32,30,30,32.5,30,30,14
10175003,2003.305837,31.662,64.137,32,31.5,32,32.5,31.5,12,12
10175004,2003.30629,31.7,64.139,26,24,26,26.5,24,12,12
10175005,2003.307236,31.66,64.137,32,17,17,26,17,16,12
10176002,2003.380618,31.665,64.17,37,37,37,38,37,35,35
10176003,2003.382319,31.649,64.19,44,45,44,46,45,46,26
10176004,2003.382363,31.646,64.193,43,43,43,44,43,43,43
10176005,2003.382856,31.627,64.208,40,52,40,40.5,40,40,22
10177001,2003.505658,31.638,64.251,17,15,17,17,15,11,11
10177002,2003.505717,31.633,64.253,18,17,18,18,17,12,12
10177004,2003.507464,31.648,64.232,12.5,12,11,12.5,11,12,12
10177005,2003.508554,31.623,64.223,13,10,11,13,10,11,11
10178002,2003.535778,31.656,64.237,18,14.5,20,18,14.5,14,12
10178003,2003.53585,31.655,64.241,18.5,14.5,23,18.5,14.5,13,11
10178005,2003.53757,31.674,64.181,23,21,12.5,23,12.5,11,11
10178006,2003.538358,31.674,64.176,20,18,16.5,20,16.5,12,12
10179001,2003.610816,31.667,64.167,29,15.5,15.5,17,15.5,11,11
10179002,2003.612454,31.659,64.159,24,22,22,22,22,20,20
10179003,2003.612502,31.66,64.155,24,30,24,24,24,22,22
10179004,2003.612941,31.65,64.187,20.5,20,24,20.5,20,12,12
10179005,2003.614572,31.63,64.196,29,20,20,24,20,17,15
10180002,2003.714947,31.666,64.168,17,14,14,17,14,12,12
10180003,2003.716558,31.643,64.164,24,21,21,24,21,16,12
10180004,2003.716619,31.64,64.169,26,25,24.5,26,24.5,15,13
10180005,2003.717009,31.619,64.166,14.5,11,11,14.5,11,11,11
10180006,2003.718611,31.66,64.166,40,24,24,26.5,24,22,14
10181001,2003.764233,31.589,64.167,39.5,27.5,43,39.5,27.5,25,21
10181002,2003.764389,31.666,64.167,46,43,50,46,43,20,20
10181003,2003.765852,31.657,64.171,52,54,52,53,52,50,48
10181004,2003.766387,31.626,64.177,50,49,53,50,49,51,13
10181005,2003.767173,31.614,64.203,32,32,32,49,48,48,42
10181006,2003.767801,31.67,64.164,52,54,54,57,55.5,56,18
10181007,2003.768584,31.666,64.167,52,50,50,51,50,50,48
50033001,2003.791908,31.668,64.174,57,50,33.5,57,33.5,18,16
10182002,2003.841545,31.668,64.167,70,70,68.5,70.5,68.5,60,56
10182003,2003.842715,31.674,64.162,76,74.5,76,77,74.5,74,72
10182004,2003.843153,31.673,64.184,71,71,71,71.5,71,71,11
10182005,2003.843982,31.666,64.167,73,73,71,73,71,17,13
10182006,2003.844644,31.667,64.171,79,78,79,79.5,78,79,25
10183002,2003.918217,31.666,64.168,79,61,57,57,61,47,47
10183003,2003.919425,31.631,64.216,79,89,79,79.5,79,79,77
10183007,2003.926642,31.667,64.167,76,74,76,76,76,74,62
10183008,2003.927367,31.668,64.168,86,84,84,86.5,86.5,76,12
10184001,2004.071429,31.607,64.165,66,75,75,101.5,75,66,14
10184002,2004.071646,31.667,64.162,142,137,137,141,137,130,130
10184003,2004.072633,31.655,64.147,135,125,125,130,125,73,73
10184004,2004.073166,31.69,64.13,135,123.5,123.5,133.5,123.5,117,39
20184001,2004.122213,31.677,64.151,52,62,50,70,62,52,50
20184002,2004.122277,31.678,64.149,52,60.5,60.5,67,60.5,52,34
20184003,2004.122721,31.685,64.154,11,32.5,11,34.5,32.5,11,11
10185001,2004.147953,31.589,64.177,90,98,98,99,98,90,46
10185002,2004.14812,31.666,64.166,38,45,34,55,45,38,34
10185003,2004.149477,31.689,64.202,152,73,73,144.5,73,66,66
10185004,2004.14953,31.692,64.204,160,70,70,146,70,56,56
10185005,2004.150019,31.712,64.21,66,95,95,160.5,95,66,16
10185006,2004.150613,31.717,64.224,170,92.5,92.5,158,92.5,80,14
10185007,2004.150809,31.667,64.169,140,141.5,141.5,142.5,141.5,140,56
10185008,2004.151695,31.665,64.168,46,46,48,59,74.5,48,48
10186001,2004.221878,31.672,64.163,11,12,11,13,12,11,11
10186002,2004.222032,31.683,64.158,12,13.5,12,15,13.5,12,12
10186003,2004.223156,31.682,64.123,9,10,9,10.5,10,11,11
10187002,2004.302477,31.658,64.147,41,66.5,41,91.5,66.5,41,41
10187007,2004.304892,31.671,64.167,19,26,17,48.5,26,19,17
10188001,2004.374964,31.585,64.169,11,11,11,11.5,11,11,11
10188002,2004.375129,31.667,64.168,24,10.5,10.5,11.5,10.5,12,12
10188003,2004.376764,31.684,64.17,17,15,17,17,17,13,13
10188004,2004.376823,31.687,64.179,16,14,16,16,16,12,12
10188005,2004.377315,31.689,64.194,17,15,15,17,15.5,11,11
10188006,2004.378113,31.694,64.244,12,12,11,12,11,12,12
10188007,2004.378282,31.668,64.168,17.5,14.5,22,17.5,14.5,12,12
10188008,2004.379241,31.669,64.166,14,17.5,16,19.5,17.5,16,16
10189001,2004.452397,31.599,64.155,32,32,32,32.5,32,32,12
10189002,2004.453558,31.672,64.204,24,464,24,24.5,24,24,20
10189003,2004.454081,31.684,64.252,30,28,32,30,28,12,12
10189005,2004.455386,31.673,64.164,33,35,33,33,33,29,17
10189006,2004.456273,31.667,64.164,35,37,35,35,35,35,31
10190002,2004.531954,31.666,64.165,21,11,11,11.5,11,11,11
10190003,2004.533037,31.659,64.184,10.5,9.5,11,10.5,9.5,11,11
10190004,2004.533425,31.683,64.175,11.5,11,11,11.5,11,11,11
10190005,2004.533817,31.691,64.166,19,11,11,12,11,11,11
10190006,2004.534313,31.712,64.157,13,15,13,14,13,11,11
10190007,2004.535068,31.667,64.167,25,17,17,18,17,17,15
10190009,2004.539279,31.639,64.132,16.5,11,12,16.5,11,12,12
10191003,2004.624639,31.67,64.166,20,10.5,10.5,20,10.5,11,11
10191004,2004.626088,31.668,64.14,20.5,10.5,10.5,20.5,10.5,11,11
10191005,2004.626142,31.669,64.137,19.5,10.5,10.5,19.5,10.5,11,11
10191006,2004.626594,31.664,64.113,19.5,11,11,19.5,11,11,11
10191008,2004.627768,31.666,64.168,13,10,10,13,10,11,11
10191009,2004.628664,31.682,64.162,11,10,10,11.5,10,11,11
10192002,2004.701214,31.665,64.165,23.5,20.5,25,23.5,20.5,11,11
10192003,2004.702791,31.626,64.16,23,22,23,23,22,23,21
10192004,2004.702839,31.627,64.164,21,19.5,21,21,19.5,19,11
10192007,2004.704793,31.666,64.166,21.5,20.5,24,21.5,20.5,22,18
10192008,2004.705371,31.667,64.164,28,27,28,28,27,26,26
10192012,2004.709273,31.666,64.166,28,27,27,28,27.5,25,21
10192014,2004.711497,31.689,64.167,29,27,27,29,28,11,11
10193001,2004.781025,31.611,64.156,33,33,33,46,45,43,41
10193002,2004.781707,31.665,64.172,45.5,43,49,45.5,43,43,29
10193003,2004.782321,31.664,64.217,29,29,29,43.5,43,43,41
10193006,2004.784932,31.67,64.176,49,45,45,46.5,45,45,45
10193007,2004.786613,31.667,64.167,51,48.5,51,52,48.5,49,29
50034001,2004.816923,31.66791667,64.17021667,60,60,58.5,61.5,58.5,58,12
10194001,2004.863111,31.59383333,64.16538333,65,487,65,66,65,65,11
10194002,2004.863259,31.66825,64.16773333,68,49,49,68,57,59,11
10194003,2004.864674,31.68696667,64.17185,67,66.5,67,67,66.5,27,13
10194004,2004.864978,31.67176667,64.17378333,65,65,65,66.5,65.5,65,25
10194005,2004.86539,31.68908333,64.15895,73,67,75,72,67,51,27
10194007,2004.866688,31.6678,64.16601667,69,67.5,69,69,67.5,65,13
10194008,2004.86741,31.6679,64.17246667,69,57.5,57.5,65.5,57.5,55,11
10195001,2004.934728,31.61535,64.16616667,22,60,22,47.5,60,22,22
10195002,2004.935388,31.67038333,64.16508333,40,45,38,58.5,45,40,38
10195003,2004.936081,31.677,64.15893333,50,31,31,60,31,50,18
10195004,2004.93647,31.68713333,64.13761667,11,28.5,11,54,28.5,11,11
10195005,2004.937041,31.6913,64.1279,30,26,26,62.5,26,30,14
10195006,2004.937853,31.6672,64.15113333,75,59,59,60,59,43,43
10195007,2004.938502,31.66766667,64.16786667,81,66,66,66.5,66,63,63
10196002,2005.07184,31.65696667,64.16933333,159,159.5,159,159.5,159.5,159,159
10196003,2005.072841,31.6799,64.17596667,146,147,146,146,147,120,144
10196004,2005.073057,31.69308333,64.17735,145,146.5,145,145,146.5,143,145
10196005,2005.073373,31.71193333,64.1655,154,154,154,153,154,150,150
10196006,2005.074568,31.66373333,64.15915,149,150.5,149.5,149.5,150.5,141,141
10196007,2005.075133,31.66358333,64.16186667,150,150,150,151,151,150,14
10196008,2005.075571,31.69503333,64.18235,146,148,146,148,148,140,138
10196009,2005.075744,31.69908333,64.18663333,147,149,147,150,151,139,11
20196001,2005.103925,31.66758333,64.16515,101,160,133,168,160,79,11
20196002,2005.105411,31.67535,64.17085,130,158,128,159.5,158,106,128
20196003,2005.105708,31.6674,64.18551667,156,154,154,156,154,154,122
20196004,2005.105894,31.68913333,64.17748333,119,145,127,123,145,113,23
20196005,2005.106303,31.68758333,64.1729,144,135,135,156,135,64,36
20196006,2005.106655,31.68543333,64.17091667,167,155,155,167,155,97,79
10197002,2005.147841,31.666,64.16621667,180,181,178,180.5,181,44,34
10197003,2005.149319,31.66691667,64.16835,178,178,178,181,182,180,180
10197004,2005.149644,31.67421667,64.16538333,202,192,191,191,192,182,12
10197005,2005.150339,31.70371667,64.1632,11,172,11,189.5,172,11,11
20197001,2005.181073,31.66675,64.16646667,220,224,210,226.5,228,220,220
20197002,2005.182066,31.6635,64.17235,220,220,220,226,227.5,222,44
20197003,2005.182428,31.68156667,64.17748333,228,228,228,231,232,226,226
20197004,2005.182783,31.69433333,64.17818333,224,220,224,226.5,228.5,220,34
10198002,2005.216467,31.66806667,64.1662,12,52.5,12,167,52.5,12,12
10198003,2005.217742,31.67301667,64.19726667,221,197,197,208.5,197,51,37
10198004,2005.218113,31.69445,64.2025,165,163.5,163.5,199,163.5,165,11
10198005,2005.218472,31.71911667,64.1987,29,46,46,156,46,29,11
10198006,2005.218847,31.73106667,64.18386667,23,38,19,110,38,23,19
10198007,2005.219144,31.73091667,64.18401667,13,67,13,140.5,67,13,13
10198008,2005.219855,31.6688,64.16641667,146,152,147.5,147.5,155,96,96
10198009,2005.224642,31.69958333,64.16001667,12,155,12,167,155,12,12
20198001,2005.260198,31.66676667,64.1651,20,27,16,46.5,27,20,16
20198002,2005.261499,31.67866667,64.15665,72,81.5,72,81,81.5,72,34
20198003,2005.261768,31.6896,64.15468333,50,69.5,48,72,69.5,50,48
20198004,2005.26226,31.66798333,64.1074,12,75.5,12,78.5,75.5,12,12
10199001,2005.295949,31.5937,64.1585,29,30,29,31,30,27,25
10199002,2005.297112,31.66578333,64.16483333,26,28,26,29.5,28,26,26
10199003,2005.297367,31.66311667,64.12883333,32,30,30,35,34,34,32
10199004,2005.297793,31.63356667,64.08266667,31,27,27,28.5,27,11,11
10199007,2005.299918,31.67703333,64.17033333,82,48.5,46,57.5,48.5,28,26
10200002,2005.373116,31.6738,64.1664,40,16.5,16.5,18,16.5,12,12
10200003,2005.374068,31.67705,64.13008333,24,25.5,25.5,26,25.5,12,12
10200004,2005.374496,31.69566667,64.09395,40,18,18,29.5,18,12,12
10200006,2005.375732,31.66965,64.16641667,0,11,11,12.5,11,12,12
10200007,2005.37637,31.66543333,64.14463333,23,13.5,13.5,14.5,13.5,11,11
10200008,2005.376547,31.66795,64.16883333,32,18,18,19,18,12,12
10235010,2005.410327,31.69213333,64.14898333,37,15.5,15.5,18,15.5,11,11
10201002,2005.449131,31.66626667,64.1656,24,19.5,24,21.5,19.5,12,12
10201003,2005.450801,31.65765,64.11996667,24,18,18,20.5,18,12,12
10201004,2005.451229,31.634,64.09155,18.5,12.5,25,18.5,12.5,11,11
10201006,2005.452627,31.65443333,64.18475,11.5,10.5,10.5,11.5,10.5,12,12
10202001,2005.545341,31.58446667,64.16998333,12.5,10.5,12,12.5,10.5,12,12
10202002,2005.545908,31.6662,64.16881667,18,14.5,18,18,14.5,12,12
10202003,2005.546699,31.67283333,64.19785,14,12,12,14.5,13,12,12
10202004,2005.547241,31.6674,64.23508333,13.5,12,14,13.5,12,12,12
10202006,2005.548605,31.66365,64.16845,13,11,12,13,11,12,12
10202007,2005.548763,31.66811667,64.16533333,11.5,10.5,12,11.5,10.5,12,12
10202008,2005.549142,31.66615,64.16628333,11.5,10.5,12,11.5,10.5,12,12
10203001,2005.603063,31.58365,64.16743333,28,26,28,28,26,22,22
10203002,2005.604513,31.65126667,64.16873333,24,23.5,24,24,23.5,22,12
10203003,2005.605508,31.68103333,64.2175,23,16,25,23,16,13,11
10203004,2005.606627,31.6628,64.16741667,28.5,28,30,28.5,28,28,26
10203005,2005.607572,31.66885,64.17093333,15,12.5,12,15,12.5,12,12
10203007,2005.609806,31.66573333,64.16686667,22,20,20,22,21,12,12
10204001,2005.680044,31.59973333,64.15248333,21.5,14,11.5,21.5,11.5,12,12
10204002,2005.680645,31.66313333,64.1411,27,14,13,27,13,12,12
10204003,2005.680946,31.65941667,64.1475,22,14,14,18,14,14,12
10204004,2005.68149,31.65885,64.16648333,16.5,11,12,16.5,11,14,12
10204005,2005.682121,31.6633,64.15545,16.5,12,12,16.5,12,12,12
10205001,2005.775027,31.59781667,64.1526,44,18,18,44,18,16,14
10205002,2005.776041,31.66736667,64.17181667,47,19,18.5,47.5,18.5,47,11
10205003,2005.77683,31.68096667,64.16836667,46,26,46,46,26,26,12
10205004,2005.777315,31.69751667,64.17488333,44,14.5,14.5,44,14.5,12,12
10205005,2005.777959,31.69655,64.15878333,44.5,44,40.5,44.5,40.5,36,34
10205006,2005.778592,31.6701,64.16996667,40,39,42,41,39,40,18
10205007,2005.779387,31.66403333,64.16651667,29,29,29,40,36.5,25,17
10205008,2005.783486,31.69993333,64.15928333,42.5,27,44,42.5,27,30,12
10205009,2005.783893,31.61623333,64.16138333,46,18,18,46,18,12,12
50035001,2005.81839,31.66718333,64.16723333,52,51.5,52,52,51.5,52,50
10206001,2005.857588,31.66466667,64.16741667,58,57.5,58,58,57.5,34,30
10206002,2005.858059,31.65853333,64.16511667,47,483,47,47.5,47,49,35
10206003,2005.858809,31.66778333,64.1635,51,493,51,51.5,51,53,53
10206004,2005.859125,31.66948333,64.15931667,48,47,48,48,47,46,12
10206005,2005.859739,31.65161667,64.12993333,48,47,49,48,47,13,11
10206006,2005.860137,31.6586,64.1137,28,56.5,36,57,56.5,36,36
10206007,2005.897061,31.67101667,64.15838333,67,71,67,67.5,67,65,65
10206008,2005.898132,31.6715,64.15933333,72,72,71,72,71,72,20
10207001,2005.934441,31.5915,64.16233333,46,46,46,81,53,80,36
10207002,2005.934945,31.66233333,64.16433333,78,94,78,78.5,78,78,40
10207003,2005.937858,31.66416667,64.17033333,74,460,74,74.5,74,76,14
10207004,2005.938309,31.68133333,64.16466667,74,74,72,74,74,72,20
10207005,2005.94364,31.68951667,64.14768333,87,87,87,87,87,87,31
10207006,2005.944395,31.66345,64.16281667,88.5,58,58,88.5,58,81,11
10208002,2006.077393,31.65853333,64.16511667,150,153,150,155.5,153,150,12
10208003,2006.077721,31.66428333,64.16955,148,150,148,151.5,150,150,16
10208004,2006.078387,31.6383,64.1557,146,146.5,146,148.5,146.5,146,138
10208005,2006.078619,31.63353333,64.15396667,140,135.5,135.5,138.5,135.5,134,14
10208006,2006.078872,31.63333333,64.13333333,156,156,156,157.5,156,156,16
10208007,2006.078961,31.6571,64.15951667,139,141,139,142.5,141,139,137
10208008,2006.081583,31.6616,64.16753333,142,144,142,144.5,144,144,142
10208009,2006.082188,31.65845,64.17023333,153,152,152,154.5,152,151,11
10208010,2006.082835,31.66381667,64.16788333,127,127,127,129,127,109,107
10208011,2006.083324,31.66083333,64.16716667,150,150.5,150,152.5,150.5,148,148
10208012,2006.083615,31.6549,64.17795,148,149.5,148,152,149.5,146,146
20208002,2006.105068,31.66401667,64.1674,181,181.5,181,183,181.5,181,177
20208003,2006.105645,31.66851667,64.1341,167,173,169,174,173,173,171
20208004,2006.10585,31.66345,64.1594,180,180.5,180,182,180.5,182,176
20208005,2006.106269,31.6453,64.152,176,167.5,167.5,170,167.5,168,12
20208006,2006.106804,31.66401667,64.16548333,163,163.5,163,165.5,163.5,161,153
10209001,2006.13973,31.5861,64.1627,150,152.5,150,153,152.5,154,150
10209002,2006.141737,31.65991667,64.16028333,146,149,144,152,149,16,14
10209003,2006.14187,31.66598333,64.16958333,142,143,143,144.5,143,142,12
10209004,2006.142411,31.67088333,64.16101667,136,139.5,138,141,139.5,136,30
10209005,2006.14273,31.66843333,64.16176667,142,143,142,145.5,143,140,40
10209006,2006.143447,31.66461667,64.16448333,141,141,141,145,141,141,71
10209007,2006.144079,31.63756667,64.14343333,146,147.5,146,149.5,147.5,146,100
10209008,2006.144268,31.62256667,64.14131667,173,154.5,154.5,157,154.5,11,11
10209009,2006.144633,31.61406667,64.14991667,11,139,11,146.5,139,11,11
10209010,2006.145002,31.60731667,64.14043333,13,135.5,11,141.5,135.5,13,11
10209011,2006.145662,31.66726667,64.16333333,153,121.5,121.5,137,121.5,11,11
10209012,2006.145854,31.66763333,64.16685,162,137,137,154.5,137,14,12
10209013,2006.146083,31.67143333,64.16428333,152,152.5,150,155,152.5,150,24
10210001,2006.257599,31.65536667,64.15615,0,18,12,18.5,18,12,12
10210002,2006.258552,31.66895,64.16528333,14,17.5,16,18,17.5,16,16
10210003,2006.259079,31.69746667,64.1554,11,15.5,11,24,15.5,11,11
10210004,2006.259724,31.67588333,64.18236667,15,19,19,21.5,19,15,11
10210005,2006.26109,31.67295,64.16998333,22,24.5,24.5,27,24.5,20,18
10211001,2006.351372,31.6595,64.14333333,12,14,12,17,14,12,12
10211002,2006.35157,31.637,64.1175,41,24,24,26,24,19,17
10211003,2006.351866,31.66126667,64.16326667,12,14,12,15.5,14,12,12
10211004,2006.352559,31.6665,64.14483333,12,14.5,12,18.5,14.5,12,12
10211005,2006.353347,31.6713,64.16806667,9,10.5,9,11.5,10.5,11,11
10211007,2006.354678,31.66708333,64.16053333,17,14.5,14.5,19,14.5,11,11
10211008,2006.355021,31.67265,64.16608333,11,11,11,12.5,11,11,11
10211009,2006.355363,31.66836667,64.139,11,11,11,14.5,11,11,11
10211010,2006.35575,31.65706667,64.13526667,12,13,12,14.5,13,12,12
10212001,2006.48324,31.68693333,64.18121667,14,12.5,14,14,12.5,12,12
10212002,2006.483963,31.7175,64.22151667,13,12,14,13,12,12,12
10212003,2006.484378,31.73228333,64.21568333,16,14,16,16,14,12,12
10212009,2006.488584,31.66673333,64.16201667,17,16,18,17,16,14,12
10212010,2006.489313,31.6766,64.10421667,19,18,20,19,18,16,12
10212018,2006.491973,31.66881667,64.26111667,16,20,16,16.5,16,16,12
10213002,2006.543506,31.66893333,64.16833333,14.5,14,16,14.5,14,12,12
10213003,2006.544306,31.6696,64.16493333,17,15,14,17,14,11,11
10213004,2006.544764,31.66965,64.17098333,13.5,10.5,11,13.5,10.5,11,11
10213005,2006.546058,31.67421667,64.1769,16,14.5,18,16,14.5,14,14
10213006,2006.546804,31.65441667,64.17146667,20,18.5,22,20,18.5,12,12
10213007,2006.547264,31.65605,64.18175,21,31,21,21.5,21,21,19
10213008,2006.547667,31.64258333,64.18433333,19,17,19,19,17,17,13
10214002,2006.600158,31.66626667,64.16826667,15.5,11.5,12,15.5,11.5,12,12
10214003,2006.601033,31.66561667,64.15915,17,13,12,17,13,12,12
10214004,2006.601802,31.66535,64.16256667,13.5,11,11,13.5,11,11,11
10214005,2006.602226,31.66298333,64.15716667,12.5,11,11,12.5,11,11,11
10214006,2006.602869,31.66625,64.16663333,16,14,13,16,14,13,13
10214007,2006.603491,31.66543333,64.1578,15.5,14.5,12,15.5,14.5,12,12
10214008,2006.604342,31.6773,64.16735,22.5,19.5,26,22.5,19.5,16,14
10214009,2006.604804,31.67503333,64.2286,19.5,17.5,24,19.5,17.5,14,14
10214010,2006.605565,31.67111667,64.25451667,29,28,29,29,28,25,23
10215002,2006.676819,31.66448333,64.1694,22.5,19,24,22.5,19,20,18
10215003,2006.677405,31.64953333,64.21785,26,22.5,26,26,22.5,24,20
10215004,2006.677757,31.66256667,64.16486667,26,26,23,26,23,24,22
10215005,2006.678659,31.66601667,64.16676667,21,17,17,21,19,11,11
10215006,2006.679521,31.66725,64.22941667,13,11,11,13,11,11,11
10215007,2006.680263,31.66525,64.16743333,25.5,12,27,25.5,12,13,11
10215008,2006.68051,31.66808333,64.16998333,26,13,27,26,13,13,11
10215009,2006.681054,31.64133333,64.1847,29.5,29,13.5,29.5,13.5,11,11
10215010,2006.681524,31.61151667,64.1932,24,11,31,24,11,11,11
10215012,2006.682875,31.66973333,64.16163333,20.5,12,12,20.5,12,12,12
20215003,2006.704994,31.66541667,64.1518,43,36,36,37,36,11,11
30215002,2006.739857,31.6669,64.16553333,45.5,17.5,17.5,45.5,17.5,15,13
30215003,2006.741526,31.66106667,64.1722,43,38,44,43,38,22,12
30215006,2006.744033,31.66186667,64.16493333,38.5,37,28.5,38.5,28.5,21,11
10216001,2006.772709,31.5844,64.16958333,18.5,14.5,14,18.5,14.5,16,14
10216002,2006.772856,31.665,64.1654,30.5,30,30,30.5,30,28,22
10216003,2006.773139,31.66918333,64.16705,25,25,25,25.5,25,25,25
10216004,2006.773653,31.66785,64.16928333,50,40,40,41.5,40,40,14
10216005,2006.774104,31.67041667,64.1695,39,39,38.5,40,38.5,37,37
10216006,2006.774734,31.67276667,64.1641,30.5,21.5,33,30.5,21.5,13,11
10216007,2006.776157,31.67141667,64.17108333,28,26,20.5,29,20.5,22,16
10216008,2006.776499,31.66788333,64.16611667,28,36,28,35.5,28,30,28
10216009,2006.77675,31.66831667,64.16606667,33,31,27.5,33.5,27.5,29,11
10216010,2006.777009,31.66661667,64.16923333,31,25,21.5,31,21.5,25,11
10216011,2006.777203,31.67105,64.17085,28,26,26,28,27,12,12
10216012,2006.778099,31.6666,64.16316667,35.5,35,33,35.5,35,29,33
10216013,2006.778291,31.66731667,64.16583333,29.5,27,27,29.5,30,21,19
10216014,2006.778904,31.67538333,64.17038333,28,27,27,28,27.5,25,25
10216015,2006.779176,31.66163333,64.16693333,27,23,25,27,25,25,25
10216016,2006.77958,31.67616667,64.16566667,30,28,28,30.5,28,30,12
10216017,2006.779973,31.70005,64.16865,41,38,40,41,38,14,14
10216018,2006.780287,31.67431667,64.17976667,39,39,35.5,39,35.5,33,23
10216019,2006.780491,31.70461667,64.16141667,47,41,41,47.5,42.5,43,41
10216020,2006.780791,31.6675,64.16626667,36,36,36,37,36,32,32
10216021,2006.780999,31.66668333,64.16588333,36,36,36,36.5,36,36,20
50037003,2006.798,31.66728333,64.16571667,39,39,39,41,41,41,15
50037004,2006.79836,31.66625,64.1703,39,41,39,39,39,41,19
50037026,2006.826105,31.66376667,64.16251667,61,61,61,62,61.5,61,61
10217001,2006.846691,31.59761667,64.16385,81,495,81,81.5,81,83,73
10217002,2006.846893,31.66731667,64.16973333,45,71,71,72.5,71.5,73,73
10217003,2006.850546,31.67415,64.1621,81,79.5,81,81,79.5,79,19
10217004,2006.851092,31.67045,64.15828333,71,71,69.5,71,69.5,71,67
10217005,2006.851465,31.6655,64.1736,78,78,76.5,78,76.5,78,74
10217006,2006.852869,31.66893333,64.16963333,72,70,70,72,70.5,72,56
10217007,2006.853299,31.65168333,64.15393333,78,76.5,78,78,76.5,76,24
10217008,2006.853662,31.64613333,64.17381667,76,76,76,77.5,76,76,52
10217009,2006.85406,31.6606,64.20563333,66,65.5,66,67.5,65.5,66,64
10217010,2006.854366,31.66041667,64.22115,73,471,73,75,73,75,59
10217011,2006.858691,31.6676,64.16606667,76,74,73,76,73,74,62
10217013,2006.859844,31.66246667,64.15958333,84,81,84,85.5,81,78,30
20217001,2006.909905,31.66548333,64.16655,102,80,72,102,80,82,18
20217002,2006.911223,31.66065,64.18761667,86,81.5,81.5,87,81.5,84,78
10218002,2006.924376,31.66506667,64.1684,110,108,106,110.5,108,108,14
10218003,2006.925164,31.66936667,64.16351667,116,49,49,111,49,46,24
10218004,2006.925561,31.6776,64.15888333,40,39,39,70.5,39,40,32
10218005,2006.92683,31.6752,64.16255,63,65,65,77,65,63,55
10218006,2006.927646,31.63911667,64.17276667,31,34.5,29,58.5,34.5,31,29
10218007,2006.927974,31.62638333,64.1495,31,31.5,31.5,60,31.5,31,21
10218009,2006.92989,31.65868333,64.16715,104,97,97,103.5,97,98,24
10219002,2007.074854,31.66738333,64.16261667,147,148,148,149.5,148,147,51
10219003,2007.075245,31.65948333,64.15915,140,139.5,139.5,142.5,139.5,112,86
10219004,2007.076083,31.66946667,64.16923333,149,148.5,148.5,149,148.5,49,51
10219005,2007.083276,31.66808333,64.16143333,97,113,97,118,134.5,97,97
10219007,2007.085875,31.65886667,64.16801667,172,171.5,171.5,173.5,171.5,166,42
10219008,2007.086214,31.65953333,64.18105,168,167.5,167.5,170,167.5,158,156
10220001,2007.140885,31.66868333,64.1604,152,152.5,152,153,152.5,150,26
10220002,2007.141147,31.6636,64.1712,140,140,140,140.5,140,138,138
10220003,2007.141699,31.66861667,64.16488333,161,159,159,160.5,159,157,155
10220004,2007.142072,31.66631667,64.16755,150,152,150,152.5,152,150,50
10220005,2007.143345,31.66503333,64.16791667,149,147.5,147.5,149,147.5,141,11
10220006,2007.143691,31.65825,64.16326667,151,153,151,153.5,153,149,147
10220007,2007.144091,31.62865,64.19293333,153,154,153,155,154,153,153
10220008,2007.144368,31.6291,64.193,146,148,148,150,148,138,30
10220009,2007.145141,31.58983333,64.20033333,173,175.5,173,176,175.5,175,173
20220001,2007.178103,31.66115,64.16661667,103,114.5,99,158,114.5,103,99
20220002,2007.178303,31.66101667,64.15543333,82,167,82,195.5,167,140,40
20220003,2007.178957,31.66613333,64.17118333,177,178,178,178.5,178,169,169
20220004,2007.179606,31.65058333,64.20436667,85,180,85,180,180,175,13
10221001,2007.213794,31.605,64.16383333,194,195.5,194,197.5,195.5,188,82
10221003,2007.215082,31.66325,64.16341667,184,183,183,185,183,130,112
10221004,2007.215839,31.66843333,64.16846667,11,125,11,150,125,11,11
10221005,2007.216857,31.67193333,64.1658,157,165.5,157,167.5,165.5,163,119
10221006,2007.217245,31.66791667,64.1696,160,142.5,142.5,153.5,142.5,30,24
10221007,2007.217622,31.66878333,64.17036667,173,162,162,164.5,162,157,155
10221008,2007.218067,31.65761667,64.21945,196,184,184,188.5,184,184,32
10221012,2007.220225,31.66913333,64.1694,159,156,156,158,156,129,125
10221013,2007.221083,31.66871667,64.17383333,153,130,130,143,130,19,19
20221001,2007.251815,31.66863333,64.16471667,12,15,12,157.5,15,12,12
20221002,2007.251884,31.66796667,64.16595,12,16,12,157,16,12,12
20221003,2007.253206,31.66875,64.16845,141,147.5,141,148,147.5,41,41
20221004,2007.253387,31.68198333,64.16545,148,149,146,149.5,149,40,40
10222001,2007.283006,31.66358333,64.1662,27,25,27,28,27.5,23,19
10222002,2007.283379,31.5966,64.18305,24,24.5,24,25.5,24.5,24,24
10222003,2007.283691,31.66333333,64.16275,19,23.5,15,24,23.5,19,15
10222004,2007.284262,31.66385,64.16123333,35,37.5,35,38.5,37.5,33,15
10222005,2007.284323,31.66886667,64.17145,40,35,35,36.5,35,26,24
10222006,2007.285748,31.668,64.17148333,36,36,36,40,39.5,38,36
10222007,2007.286104,31.72275,64.22598333,33,33,33,35.5,35.5,35,35
10222012,2007.288682,31.68146667,64.16805,30,40,24,41.5,40,30,24
10222013,2007.288994,31.6711,64.16355,44,48.5,44,49.5,48.5,44,44
10223003,2007.371223,31.66326667,64.15791667,45,45,45,46,45,43,43
10223004,2007.372024,31.66398333,64.17488333,42,34,34,36.5,34,12,12
10223002,2007.372247,31.6659,64.16538333,35,35,35,37,36,35,35
10223005,2007.372462,31.64946667,64.15618333,33,33,33,34,33,11,11
10223006,2007.373516,31.6681,64.12286667,44,43,44,44.5,43,42,32
10223007,2007.373742,31.6526,64.12161667,43,41,43,44,43,39,39
10223011,2007.376412,31.63935,64.11876667,21,22.5,21,23.5,22.5,21,21
10224002,2007.464296,31.66611667,64.16788333,14,13,14,15,13,12,12
10224003,2007.465249,31.66633333,64.16233333,28,12.5,12.5,14,12.5,12,12
10224004,2007.465476,31.671,64.167,15,11,15,13.5,11,11,11
10224006,2007.466794,31.66741667,64.1663,13.5,11.5,14,13.5,11.5,12,12
10224007,2007.46714,31.6665,64.16633333,12,12.5,14,14,12.5,12,12
10224008,2007.467839,31.66533333,64.16516667,12,12,14,13.5,12,12,12
10224012,2007.469985,31.6525,64.19583333,18,13.5,13.5,14.5,13.5,14,12
10224013,2007.470588,31.65016667,64.237,31,11.5,11.5,13.5,11.5,11,11
10224014,2007.471062,31.66635,64.25401667,32,11.5,11.5,12.5,11.5,12,12
10224015,2007.472118,31.66266667,64.16766667,14,11.5,11.5,15,11.5,12,12
10225003,2007.544271,31.66503333,64.16796667,9.5,9,9,9.5,9,11,11
10225004,2007.544612,31.64766667,64.16986667,0,0,0,9.5,9,11,11
10225006,2007.546183,31.6675,64.17266667,10,9.5,11,10,9.5,11,11
10225007,2007.546807,31.6841,64.2013,11.5,10.5,11,11.5,10.5,11,11
10225008,2007.547293,31.68521667,64.2257,10.5,9.5,11,10.5,9.5,11,11
10225009,2007.547785,31.68145,64.25945,13.5,12.5,14,13.5,12.5,12,12
10225010,2007.548525,31.66798333,64.16818333,9,487,9,10,9,11,11
10225012,2007.548811,31.67341667,64.167,10,9.5,9.5,10,9.5,11,11
10225013,2007.549058,31.67088333,64.16966667,13,12,14,13,12,12,12
10225014,2007.549435,31.66823333,64.16948333,11,10,10,11,10,12,12
10226003,2007.612405,31.66998333,64.16765,17.5,16.5,16,17.5,16.5,16,16
10226004,2007.612831,31.67115,64.17561667,21,20,24,21,20,12,12
10226013,2007.622907,31.66698333,64.16571667,17.5,12.5,19,17.5,12.5,11,11
10226014,2007.623297,31.67006667,64.17235,19,17,19,19,17,17,11
10226015,2007.62363,31.67036667,64.16298333,23,23,21.5,23,21.5,11,11
10226016,2007.62438,31.66893333,64.1671,17.5,10.5,21,17.5,10.5,11,11
10226017,2007.624559,31.6701,64.16525,18,11,21,18,11,11,11
10226018,2007.625527,31.68006667,64.16988333,19,12.5,21,19,12.5,11,11
10226019,2007.625715,31.67788333,64.16355,21,18.5,24,21,18.5,14,12
10226020,2007.62609,31.70171667,64.19153333,20.5,19,21,20.5,19,15,11
10226021,2007.626608,31.7207,64.21763333,17.5,15.5,18,17.5,15.5,12,12
10226024,2007.628322,31.66715,64.15048333,15,13,12,15,13,12,12
10227001,2007.679606,31.58526667,64.16726667,32,27.5,34,34,27.5,12,12
10227002,2007.680375,31.66903333,64.16651667,29,29,31,34,33,35,31
10227003,2007.680689,31.66766667,64.169,31,29,29,31,29,27,27
10227004,2007.681602,31.66861667,64.16583333,32,32,31,32,31,32,32
10227006,2007.683219,31.66958333,64.16868333,36,36,35.5,36.5,35.5,36,18
10227008,2007.684384,31.67195,64.16816667,34,34,34,35.5,34,28,28
10227009,2007.685862,31.67616667,64.16791667,36,36,35,36,35,34,32
10228002,2007.760523,31.66438333,64.16875,47,47,45.5,47,45.5,47,31
10228003,2007.760738,31.66736667,64.16418333,48,48,48,48,48,48,12
10228005,2007.762593,31.6757,64.18721667,46,46,44.5,46,44.5,42,20
10228006,2007.763269,31.68748333,64.22266667,43,42,43,43,42,43,43
10228007,2007.763748,31.68316667,64.25698333,44,44,41.5,44,41.5,28,28
10228011,2007.766541,31.66766667,64.16395,48,48,46,48,46,12,12
50039004,2007.805799,31.66503333,64.16501667,65,35,35,41.5,35,33,13
10229004,2007.866895,31.58545,64.16665,73,72.5,73,75,72.5,73,47
10229005,2007.867314,31.66743333,64.16711667,64,62,62,64.5,62.5,64,62
10229009,2007.869701,31.64551667,64.16706667,67,65,67,67.5,65,65,57
10229010,2007.870082,31.61805,64.14238333,72,64,70,66,64,52,32
10229013,2007.87227,31.6661,64.16411667,78,74,70,79,70,46,32
10229014,2007.872437,31.66278333,64.1704,79,75,74,79,74,41,41
10230001,2007.927017,31.66641667,64.16491667,67.5,67,69,67.5,67,67,11
10230003,2007.927806,31.66666667,64.16495,83,85,83,83.5,83,81,79
10230006,2007.92977,31.6643,64.15843333,80,79,80,80,79,80,22
10230007,2007.929983,31.66308333,64.17113333,76,76,76,77.5,76.5,76,18
10230008,2007.930491,31.69343333,64.18753333,76,74.5,78,76,74.5,76,12
10230009,2007.930978,31.711,64.19781667,84,84,82.5,84,82.5,84,28
10230010,2007.93265,31.66798333,64.17281667,72,72,72,73.5,72,66,18
10231002,2008.039399,31.66106667,64.16028333,74,91.5,74,103,91.5,76,12
10231003,2008.039853,31.66485,64.16411667,89,101.5,89,107.5,101.5,89,89
10231004,2008.040883,31.66408333,64.16385,87,93.5,93.5,94.5,93.5,87,67
10231006,2008.045329,31.61431667,64.1629,122,124.5,122,125.5,124.5,122,102
10232002,2008.114955,31.66688333,64.17165,43,73.5,27,71,73.5,43,27
10232004,2008.115929,31.66871667,64.1753,27,56,13,65,56,27,13
10232005,2008.116486,31.65846667,64.18736667,32,38,32,49.5,38,32,32
10232006,2008.116938,31.63703333,64.20145,26,35.5,20,37,35.5,26,20
10232007,2008.117321,31.62963333,64.23996667,19,53.5,19,85.5,53.5,19,19
10232009,2008.11863,31.66933333,64.16601667,36,64.5,12,68,64.5,36,12
10232010,2008.118978,31.67008333,64.16598333,120,85.5,85.5,95.5,85.5,62,60
20232001,2008.144695,31.66631667,64.16743333,61,66.5,61,96.5,66.5,65,21
20232002,2008.145727,31.6666,64.16396667,25,43,23,64,43,25,23
20232003,2008.146414,31.66665,64.19116667,30,31,31,43,31,30,18
20232004,2008.146839,31.62585,64.24436667,21,28,28,33.5,28,21,11
10233003,2008.197666,31.65341667,64.17156667,42,101,100,102,101,46,16
10233004,2008.197932,31.67133333,64.1701,39,93,93,95.5,95,39,39
10233005,2008.198569,31.66235,64.18545,38,43,43,46.5,43,38,12
10233006,2008.19904,31.65388333,64.20278333,16,39,16,42,39,16,16
10233007,2008.199438,31.64895,64.21646667,34,44.5,34,46.5,44.5,34,34
10233008,2008.200391,31.66401667,64.16318333,87,87.5,87,87.5,87.5,85,17
10233009,2008.200579,31.6648,64.159,81,81.5,81,82,81.5,79,79
10233010,2008.200888,31.66773333,64.1677,77,77,77,77.5,77,77,75
10233011,2008.201613,31.67035,64.19628333,12,76.5,12,79,76.5,12,12
10233013,2008.203271,31.67101667,64.1668,69,68,68,68.5,68,63,49
20233001,2008.229383,31.66775,64.1651,18,28,12,32,28,18,12
20233002,2008.230248,31.66621667,64.16465,22,30.5,14,34.5,30.5,22,14
20233003,2008.230675,31.67366667,64.16183333,34,34.5,34.5,46,34.5,34,12
20233004,2008.231225,31.69388333,64.17613333,35,42,31,58,42,35,31
20233005,2008.232387,31.70466667,64.21355,135,79.5,79.5,136.5,79.5,77,67
10234001,2008.286183,31.6589,64.1619,12,26,12,30,26,12,12
10234002,2008.286697,31.66155,64.15676667,39,37.5,37.5,40.5,37.5,19,19
10234003,2008.287656,31.66025,64.16048333,31,34,31,35.5,34,31,29
10234006,2008.288489,31.66153333,64.1217,39,39,37,41,39,29,15
10234011,2008.290595,31.6736,64.1617,34,15,12,43,15,14,12
10234013,2008.291113,31.66801667,64.1676,12,12,12,34,15,12,12
10234015,2008.29338,31.66035,64.15661667,30,30.5,28,41.5,30.5,30,26
10235001,2008.407127,31.5844,64.16581667,33,14.5,14.5,20.5,14.5,11,11
10235003,2008.408071,31.66958333,64.1667,33,18.5,18.5,29.5,18.5,13,11
10235004,2008.408436,31.66618333,64.16741667,28,13.5,13.5,24,13.5,12,12
10235005,2008.409231,31.66541667,64.1654,27,17.5,17.5,25.5,17.5,17,17
10235006,2008.410259,31.61238333,64.12115,30,14.5,14.5,19.5,14.5,12,12
10235007,2008.410519,31.66343333,64.16651667,37,11,11,14,11,11,11
10235008,2008.410764,31.67128333,64.1658,14,9,11,14,11,11,11
10235009,2008.411316,31.67971667,64.15176667,42,13,13,18,13,12,12
10235011,2008.412297,31.69661667,64.1781,27,12,12,15,12,11,11
10235013,2008.41365,31.66703333,64.16668333,12,11,11,13.5,11,12,12
10235015,2008.414798,31.63996667,64.12951667,12,12,12,16.5,12,12,12
10236001,2008.472585,31.66558333,64.1667,20,18,20,20,18,12,12
10236002,2008.473368,31.66756667,64.16641667,18.5,11.5,22,18.5,11.5,12,12
10236004,2008.474165,31.68063333,64.14963333,22,14.5,22,22,14.5,12,12
10236005,2008.474639,31.66671667,64.15993333,19,10.5,21,19,10.5,11,11
10236006,2008.475307,31.72896667,64.17645,18.5,11,12,18.5,11,12,12
10236007,2008.476336,31.66668333,64.15575,11,9.5,11,11,9.5,11,11
10236008,2008.476679,31.6661,64.16266667,19,13,13,19,13.5,11,11
10236009,2008.477641,31.68645,64.18866667,12.5,11,12,12.5,11,12,12
10236012,2008.478977,31.66768333,64.16156667,11,10.5,10.5,11,10.5,12,12
10237003,2008.538502,31.66246667,64.16713333,0,0,0,11,10.5,12,12
10237004,2008.539202,31.66491667,64.17936667,12,12,12,13.5,12,12,12
10237006,2008.541904,31.66866667,64.17108333,32,30,17,32,30,27,17
10237007,2008.542187,31.66696667,64.16808333,29,25,22,29,25,24,22
10237009,2008.544484,31.66761667,64.16581667,12,12,12,14,12,12,12
10237014,2008.547365,31.67188333,64.16745,11.5,10.5,10.5,11.5,10.5,12,12
10237015,2008.547769,31.67036667,64.17991667,35,15.5,15.5,17,15.5,15,13
10237018,2008.550144,31.67083333,64.16486667,13,13,13,13.5,13,11,11
10238004,2008.613663,31.67188333,64.16321667,21,19,21,21.5,21,21,11
10238006,2008.615678,31.66443333,64.17096667,21,20.5,21,21,20.5,21,11
10238009,2008.618228,31.66443333,64.17096667,19,23,19,19,19,19,15
10238011,2008.618966,31.62848333,64.20315,19,25,19,20.5,19,19,11
10238014,2008.621148,31.66393333,64.16686667,22,19.5,23,22,19.5,19,13
10239002,2008.692247,31.66303333,64.1684,14,12.5,11,14,12.5,11,11
10239005,2008.693319,31.66503333,64.16695,22,12,26,22,12,12,12
10239006,2008.693473,31.66661667,64.1689,20,14,26,20,14,12,12
10239009,2008.697473,31.66618333,64.16686667,12.5,12,11,12.5,11,12,12
10239010,2008.697708,31.65273333,64.18948333,15.5,11,10.5,15.5,10.5,11,11
10239011,2008.698203,31.63443333,64.22045,14.5,10,10,14.5,11,12,12
10239014,2008.699531,31.6655,64.16533333,11.5,10.5,12,11.5,10.5,12,12
10239018,2008.70285,31.66791667,64.17201667,21.5,18.5,24,21.5,18.5,20,14
10240003,2008.767033,31.65296667,64.2093,40,39,40,40.5,39,40,20
10240004,2008.767706,31.66658333,64.16993333,37.5,37,39,37.5,37,37,13
10240005,2008.768448,31.66681667,64.16746667,43,47,43,43.5,43,43,19
10240006,2008.768684,31.66573333,64.16573333,38,46,38,38,38,38,18
10240008,2008.771247,31.66796667,64.1637,40.5,40,42,40.5,40,40,26
10240009,2008.771473,31.65141667,64.16963333,26,26,26,38.5,37.5,34,34
10240010,2008.772004,31.6612,64.1691,41,487,41,41.5,41,41,41
10240011,2008.772549,31.6625,64.19376667,38,38,38,41,39,40,12
10240012,2008.772898,31.67435,64.2411,40,498,40,41,40,38,22
10240013,2008.773915,31.66585,64.16221667,42.5,42,44,42.5,42,42,30
10240014,2008.774146,31.66128333,64.17148333,35,35,35,42,41,35,17
50042003,2008.791781,31.65926667,64.1666,49.5,47,51,49.5,47,11,11
50042026,2008.824063,31.66678333,64.16715,60.5,60.5,62,60.5,60.5,30,40
10241004,2008.856225,31.66506667,64.16553333,67,77,67,67.5,67,67,67
10241005,2008.856548,31.66636667,64.16791667,79.5,78.5,80,79.5,78.5,78,78
10241006,2008.857286,31.66643333,64.16555,79.5,50.5,50.5,79.5,50.5,12,12
10241007,2008.858789,31.66681667,64.17076667,65,65,65,76,70.5,59,57
10241009,2008.859521,31.64566667,64.15748333,76,72,76,76,72,60,58
10241010,2008.859963,31.6304,64.1618,60,57,78,75,57,18,16
10241011,2008.860257,31.6142,64.15005,60,59,76,72.5,59,52,12
10241013,2008.86168,31.66473333,64.16988333,39,44,49,76,44,39,11
10241019,2008.868928,31.6657,64.16878333,73,67,67,74,67.5,33,35
10242003,2008.955094,31.59633333,64.15566667,135,133.5,133.5,135.5,133.5,135,15
10242004,2008.955487,31.66383333,64.16633333,121,121,121,122.5,121,123,113
10242005,2008.957218,31.66683333,64.16666667,111,111,111,112.5,111.5,111,19
10242006,2008.957901,31.66583333,64.16433333,114,114.5,114,115.5,114.5,116,104
10242007,2008.95835,31.66516667,64.16566667,122,122,122,123.5,122,122,116
10243001,2009.104043,31.58651667,64.17125,140,143,140,144,143,140,18
10243002,2009.105584,31.66188333,64.16775,140,140,140,141,140.5,94,96
10243003,2009.106381,31.66903333,64.16656667,151,151,151,151,151,149,19
10243005,2009.107766,31.66318333,64.1617,134,132,134,134.5,134,128,128
10243006,2009.108447,31.64735,64.17481667,143,143,143,145,145,143,143
20243002,2009.14344,31.6695,64.16433333,176,178,178,178.5,178,30,24
20243003,2009.144197,31.6889,64.17646667,169,170.5,169,171,170.5,155,149
20243004,2009.14454,31.69408333,64.18023333,166,168,166,169,168,162,162
20243006,2009.145068,31.68078333,64.18941667,164,164,164,167,166.5,166,94
20244002,2009.17626,31.66658333,64.16733333,153,160.5,157,161.5,160.5,139,13
20244003,2009.17626,31.67591667,64.1963,171,172.5,171,173,172.5,167,107
20244004,2009.177635,31.66731667,64.20138333,177,183.5,177,185,183.5,163,11
20244005,2009.177964,31.66811667,64.22995,168,171,168,172,171,168,112
10244002,2009.206514,31.66391667,64.16665,35,40.5,31,43.5,40.5,35,31
10244003,2009.206882,31.66291667,64.17155,21,26.5,21,25.5,26.5,21,21
10244004,2009.207618,31.61086667,64.20633333,16,26,14,30.5,26,16,14
10244005,2009.210921,31.66626667,64.16791667,77,95.5,77,98,95.5,77,31
10244006,2009.211825,31.66975,64.1694,56,120.5,56,154.5,120.5,86,36
10244007,2009.212049,31.66535,64.16873333,38,99.5,38,99.5,99.5,74,62
10244008,2009.212449,31.66571667,64.16991667,92,110,76,113.5,118.5,92,76
10244010,2009.213371,31.67006667,64.16291667,12,118,12,172,118,12,12
10244011,2009.2136,31.66845,64.16976667,12,134.5,12,163,134.5,12,12
10244012,2009.214365,31.6751,64.25423333,192,134.5,134.5,181,134.5,98,40
20245001,2009.243845,31.66095,64.16573333,57,60,57,60.5,60,59,29
20245002,2009.247321,31.66681667,64.16861667,55,70,55,70,70,55,55
20245003,2009.247692,31.66681667,64.16861667,61,79.5,74.5,74.5,79.5,61,13
20245004,2009.248052,31.6899,64.19518333,82,99,82,98.5,99,82,82
10245003,2009.285261,31.66983333,64.16375,52,48.5,48.5,52,48.5,12,12
10245004,2009.28586,31.6655,64.16451667,21,65,21,66,65,21,21
10245005,2009.28653,31.7033,64.09523333,98,79.5,79.5,81.5,79.5,12,12
10246002,2009.368154,31.59195,64.15713333,35,35,35,37,37,35,35
10246003,2009.368655,31.66993333,64.15981667,30,31.5,30,32,31.5,30,30
10246004,2009.370681,31.66761667,64.16548333,46,48.5,46,49.5,48.5,48,28
10246005,2009.371351,31.62566667,64.16563333,43,45,43,45.5,45,39,39
10246008,2009.373389,31.66668333,64.16566667,47,45,47,47.5,47.5,45,11
10246009,2009.373569,31.66618333,64.16761667,44,46,46,49.5,49.5,46,40
10246015,2009.377987,31.66483333,64.16175,11,41.5,11,45,41.5,11,11
10246016,2009.379572,31.66293333,64.16761667,19,36.5,11,38,36.5,19,11
10246017,2009.379777,31.67256667,64.16351667,39,30.5,30.5,37,30.5,11,11
10246018,2009.380202,31.66578333,64.16808333,29.5,19.5,0,29.5,19.5,12,12
10246019,2009.380403,31.666,64.16761667,11,12,0,16,12,11,11
10246020,2009.380635,31.66626667,64.16815,12,19,0,21.5,19,12,12
10246021,2009.380883,31.66165,64.16621667,13,18.5,0,22,18.5,13,11
10246022,2009.381267,31.66551667,64.16825,15,20,0,37.5,20,15,13
10247003,2009.439916,31.66538333,64.16896667,12.5,12,10.5,12.5,10.5,12,12
10247004,2009.44054,31.666,64.16425,10,16,10,10.5,10,12,12
10247006,2009.441849,31.66311667,64.16748333,11,9,9,11,9.5,11,11
10247008,2009.443689,31.68468333,64.17991667,14,14,12,14,12,12,12
61134005,2009.505261,31.66611667,64.16606667,20,18,17,20,18,17,17
10248003,2009.533135,31.66568333,64.16735,20,19.5,22,20,19.5,18,16
10248004,2009.533767,31.66448333,64.1675,19,16,23,19,16,13,11
10248007,2009.535008,31.66665,64.16613333,14,13,13,14,13,13,13
10248008,2009.53575,31.63881667,64.16951667,13,11.5,15,13,11.5,13,11
10248009,2009.536279,31.62031667,64.17346667,17,11.5,23,17,11.5,11,11
10248011,2009.536802,31.58486667,64.17355,15,12.5,12,15,12.5,12,12
10248012,2009.536998,31.58493333,64.16891667,16,13.5,20,16,13.5,12,12
10248014,2009.538573,31.66821667,64.16701667,23,9.5,9.5,21.5,9.5,11,11
10248027,2009.545569,31.6704,64.16561667,11,10,10,12,10,11,11
10248028,2009.545784,31.6687,64.16648333,38,11.5,11.5,18,11.5,12,12
10249001,2009.616326,31.58416667,64.16756667,19,12.5,23,19,12.5,11,11
10249003,2009.617477,31.66678333,64.16613333,14,12.5,14,14,12.5,12,12
10249004,2009.618501,31.6675,64.16496667,14,12,11,14,12,11,11
10249005,2009.619876,31.66736667,64.16468333,12.5,11,11,12.5,11,11,11
10249006,2009.620219,31.66138333,64.16188333,17.5,16.5,14,17.5,16.5,14,14
10249007,2009.620683,31.62925,64.17805,13,12,12,13,12,12,12
10249010,2009.622959,31.66583333,64.16296667,23,22.5,23,23,22.5,19,19
10249011,2009.623301,31.6668,64.16566667,22,31,22,22,22,21,21
10249015,2009.625694,31.66615,64.16703333,14.5,12.5,12,14.5,12.5,12,12
10250002,2009.692473,31.66543333,64.16721667,40.5,22.5,44,40.5,22.5,12,12
10250003,2009.694996,31.66946667,64.1661,42,26,26,30.5,26,12,12
10250004,2009.696697,31.66566667,64.16673333,27,19,34,27,19,12,12
10250005,2009.697487,31.66893333,64.12918333,18,11.5,11,18,11.5,11,11
10251001,2009.770356,31.58356667,64.16413333,49,49,49,49.5,49,49,35
10251003,2009.771208,31.66666667,64.16658333,52,50.5,50.5,52,50.5,52,52
10251004,2009.772211,31.66668333,64.16835,45,47,45,46,45,45,23
10251005,2009.773409,31.66723333,64.15,36.5,41,33,36.5,47,33,33
10251006,2009.774081,31.6839,64.1785,43,46.5,45,51.5,46.5,11,45
10251007,2009.775013,31.68275,64.18405,12,15.5,12,19.5,15.5,12,12
50044022,2009.825481,31.66278333,64.16638333,76,68,70,72.5,68,66,12
50044023,2009.826081,31.6675,64.16585,77,55,55,65,55,51,49
10252001,2009.849454,31.60598333,64.18031667,37,37,37,52,47.5,47,13
10252002,2009.850592,31.66711667,64.16703333,64,64.5,64,70,64.5,64,30
10252003,2009.850928,31.66673333,64.16636667,79,64,77,71,64,61,23
10252004,2009.851617,31.66641667,64.16651667,48,49.5,49.5,60.5,49.5,48,32
10252005,2009.852976,31.66703333,64.1672,87,85,85,87,85,87,13
10252006,2009.85348,31.67283333,64.15791667,81,79.5,79,81.5,79.5,79,79
10252007,2009.85406,31.66596667,64.16445,90,43.5,43.5,83,43.5,40,30
10252008,2009.854648,31.69766667,64.10543333,85,32,32,81,32,27,19
10252009,2009.855322,31.69355,64.11148333,28,90,12,89,84.5,86,12
10252010,2009.855841,31.66656667,64.16713333,87,84.5,87,89,84.5,77,11
10253001,2009.934854,31.59796667,64.15045,12,12.5,12,14,12.5,12,12
10253002,2009.935384,31.66641667,64.16595,39,44,35,59,44,39,35
10253003,2009.935731,31.6646,64.1628,101,93.5,93.5,96,93.5,19,15
10253004,2009.936522,31.66541667,64.16675,88,62,62,73,62,56,12
10253005,2009.937909,31.6668,64.16668333,90,56.5,56.5,72.5,56.5,40,22
10254004,2010.097865,31.67406667,64.174,206,215,206,218.5,215,206,206
10255001,2010.145567,31.64226667,64.19851667,344,368,344,366,368,360,78
10255002,2010.146469,31.66683333,64.16718333,317,328.5,315,326.5,328.5,317,17
10255004,2010.148929,31.66866667,64.17156667,288,292,288,290,292,288,288
10255005,2010.149932,31.6697,64.17016667,57,53.5,53.5,57,53.5,48,12
10255006,2010.150807,31.66786667,64.24615,300,316.5,284,317,316.5,22,22
20255001,2010.183295,31.59921667,64.18316667,69,69,71,75.5,77.5,69,39
20255002,2010.183621,31.66666667,64.16581667,40,48.5,40,48,48.5,40,40
20255003,2010.183811,31.66813333,64.1679,51,58.5,39,58,58.5,47,47
20255004,2010.184035,31.66715,64.16455,54,63,54,63.5,63,54,54
20255005,2010.184486,31.66626667,64.164,50,61.5,48,68,61.5,50,12
20255006,2010.184952,31.67628333,64.16993333,74,78.5,74,82,78.5,40,28
20255007,2010.185398,31.67845,64.1856,11,57,11,59.5,57,11,11
20255008,2010.185852,31.6703,64.20418333,13,25,11,35,25,13,11
20255009,2010.186328,31.69433333,64.24238333,29,29,29,35,35.5,27,27
10256002,2010.225441,31.66705,64.16973333,35,40.5,35,74,40.5,35,23
10256004,2010.226802,31.66653333,64.16516667,13,25,13,37.5,25,13,13
10256006,2010.227639,31.66143333,64.1011,17,26.5,17,42,26.5,17,17
10256007,2010.228248,31.66591667,64.16616667,38,42,38,43.5,42,38,24
10256008,2010.229214,31.6152,64.146,15,55,11,59,55,15,11
10256010,2010.231164,31.66773333,64.16663333,50,62.5,46,73,62.5,50,46
10256011,2010.231507,31.67466667,64.17101667,41,56.5,37,62,56.5,41,37
20256001,2010.262869,31.65923333,64.15911667,10,11.5,10,13.5,11.5,12,12
20256002,2010.263836,31.66443333,64.1656,15,19,15,22,19,15,15
20256003,2010.264121,31.66548333,64.1652,15,20.5,11,25.5,20.5,15,11
20256004,2010.264498,31.63866667,64.19888333,0,17,12,19.5,17,12,12
20256007,2010.266861,31.66651667,64.16618333,10,14,10,18.5,14,12,12
10257002,2010.301444,31.61996667,64.16635,54,54,56,56,56.5,26,24
10257003,2010.302097,31.66658333,64.16816667,47,47,47,49,49,43,39
10257004,2010.302801,31.65991667,64.1684,52,53,52,53,53,52,52
10257005,2010.303621,31.66525,64.16951667,72,50,50,52,50,12,12
10257006,2010.304163,31.6666,64.1667,83,19.5,19.5,61.5,19.5,11,11
10257007,2010.304914,31.66565,64.16565,67,69,67,70.5,69,45,19
10257008,2010.305489,31.69021667,64.18501667,50,52.5,50,54.5,52.5,48,46
10257009,2010.305845,31.70661667,64.19276667,66,68,66,70,68,64,14
10257013,2010.309351,31.66755,64.17133333,71,70,70,72,70,43,43
10258003,2010.362563,31.66751667,64.16408333,12,19.5,12,21.5,19.5,12,12
10258004,2010.363868,31.66646667,64.16568333,20,17.5,17.5,19,17.5,12,12
10258005,2010.36519,31.669,64.16346667,24,26,24,26,26,24,24
10258006,2010.365791,31.66218333,64.18305,28,26,26,28.5,28.5,28,28
10258007,2010.366098,31.64606667,64.19906667,24,24,24,25.5,24.5,24,14
10258008,2010.367177,31.62026667,64.224,31,28,32,31,28,12,12
10258012,2010.37032,31.66636667,64.16835,25.5,18.5,24,25.5,18.5,12,12
10259003,2010.471201,31.66668333,64.16453333,10.5,10,0,10.5,10,12,12
10259004,2010.4716,31.66613333,64.16745,9,15,9,9.5,9,11,11
10259005,2010.471826,31.66826667,64.1674,10,10,10,11,10.5,12,12
10259006,2010.472167,31.665,64.16685,9.5,9,11,9.5,9,11,11
10259007,2010.472451,31.66671667,64.168,9.5,9,11,9.5,9,11,11
10259008,2010.472726,31.66681667,64.16628333,10.5,0,0,10.5,10.5,12,12
10259009,2010.473516,31.66541667,64.16616667,10,18,10,10.5,10,12,12
10259010,2010.473885,31.66681667,64.16731667,0,0,0,9.5,9,11,11
10259011,2010.47473,31.66661667,64.16836667,9,13,9,9,9,11,11
10259012,2010.475371,31.68285,64.17081667,9,17,9,9.5,9,11,11
10259013,2010.475647,31.69525,64.17051667,9,21,9,9.5,9,11,11
10259017,2010.480708,31.67313333,64.14878333,10,654,10,10.5,10,12,12
10260003,2010.556739,31.66655,64.16701667,11,10.5,11,11,10.5,11,11
10260004,2010.557011,31.66511667,64.16571667,12,10,10,12,12,12,12
10260005,2010.557428,31.66811667,64.16235,14.5,14,12,14.5,14,12,12
10260006,2010.558156,31.66378333,64.16671667,11,9,9,11,10,11,11
10260007,2010.558685,31.66583333,64.16948333,11.5,11,12,11.5,11,12,12
10260008,2010.559148,31.66756667,64.16836667,14.5,13.5,12,14.5,13.5,12,12
10260009,2010.559656,31.66586667,64.16655,14.5,13,12,14.5,13,12,12
10260010,2010.56093,31.63661667,64.19165,21,15,15,15.5,15,11,11
10260011,2010.561387,31.66025,64.1785,14.5,14,17,14.5,14,11,11
10260012,2010.561703,31.66626667,64.18801667,20.5,19.5,21,20.5,19.5,17,17
10260013,2010.56348,31.66875,64.16448333,18,18,18,18.5,18,12,12
10260016,2010.565567,31.66748333,64.18713333,21,20.5,21,21,20.5,21,17
10260018,2010.566802,31.66745,64.1679,17,12,19,17,12,11,11
10261001,2010.632825,31.58421667,64.16533333,20,12.5,28,20,12.5,12,12
10261002,2010.633904,31.6645,64.16483333,24,23.5,24,24,23.5,16,12
10261003,2010.634648,31.6657,64.16608333,24,22,24,24,22,12,12
10261004,2010.636416,31.66583333,64.1697,21,17.5,22,21,17.5,14,14
10261005,2010.636682,31.66686667,64.17785,16.5,14,20,16.5,14,12,12
10261006,2010.636903,31.68645,64.16378333,20.5,19.5,22,20.5,19.5,18,18
10261007,2010.637222,31.69516667,64.15865,20.5,17,23,20.5,17,13,11
10261008,2010.63938,31.66801667,64.1636,20,20,16,20,16,14,12
10261009,2010.639608,31.66835,64.16631667,22,18,18,22,20,20,20
10261014,2010.642055,31.66433333,64.16631667,18,16.5,24,18,16.5,14,12
10261015,2010.642317,31.67291667,64.17155,19,19,17.5,19,17.5,15,15
10262002,2010.677321,31.66196667,64.17181667,31,13,35,36,13,17,11
10262003,2010.677586,31.6635,64.16766667,32,18,13.5,33,13.5,14,12
10262004,2010.677903,31.65366667,64.1665,27,25,27,27,25,13,11
10262005,2010.678219,31.66483333,64.1715,25.5,16,31,25.5,16,11,11
10262006,2010.679011,31.66686667,64.16578333,21.5,12.5,12,21.5,12.5,12,12
10262007,2010.6793,31.6645,64.16738333,16,12,12,16,12,12,12
10262008,2010.679502,31.66566667,64.18183333,21.5,12.5,12,21.5,12.5,12,12
10262009,2010.6802,31.66783333,64.16266667,16.5,13,12,16.5,13,12,12
10262010,2010.680831,31.65516667,64.16633333,17.5,15,11,17.5,15,11,11
10262011,2010.681147,31.65116667,64.1755,17.5,14,12,17.5,14,12,12
10262012,2010.682139,31.59265,64.13341667,15.5,11,11,15.5,11,12,12
10262013,2010.682298,31.6672,64.16731667,17.5,14,12,17.5,14,12,12
61161003,2010.743094,31.66586667,64.16716667,50,30.5,30.5,36,30.5,30,22
10263002,2010.761406,31.66791667,64.16356667,14,16.5,12,24,16.5,14,12
10263003,2010.762237,31.671,64.16095,28,30.5,26,33,30.5,28,26
10263004,2010.763052,31.67271667,64.1655,54,31,31,34,31,28,26
10263005,2010.763457,31.66888333,64.16246667,54,30,30,32,30,16,12
10263006,2010.763697,31.66621667,64.17463333,51,22.5,22.5,33.5,22.5,11,11
10263007,2010.764349,31.66541667,64.16921667,50,19,19,50.5,19,22,12
10263008,2010.765135,31.66878333,64.16473333,43,41,64,43,41,22,22
10263009,2010.765744,31.71676667,64.11813333,64,28.5,28.5,41.5,28.5,40,18
50045002,2010.799895,31.66821667,64.1567,70.5,67.5,71,70.5,67.5,19,19
10264002,2010.857574,31.663,64.1733,73,72,73,73,72,71,19
10264003,2010.858014,31.66721667,64.16148333,70,70,70,70.5,70,70,50
10264004,2010.859146,31.66421667,64.15853333,85,61.5,85,85.5,61.5,85,23
10264005,2010.859475,31.66576667,64.16918333,83,77,83,83.5,83,83,11
10264006,2010.860325,31.66463333,64.16168333,66,66,66,66.5,66,66,20
10264007,2010.861092,31.66498333,64.17098333,79,79,79,81,80,75,11
10264008,2010.861783,31.69573333,64.16326667,84,84,84,86,86,86,84
10264009,2010.862043,31.71013333,64.14661667,76,76,76,76.5,76,78,76
10264010,2010.862776,31.73628333,64.13168333,73,73,73,73,73,71,69
10265001,2010.936644,31.66603333,64.16473333,114,114,114,114.5,114,114,24
10265002,2010.937915,31.66471667,64.16908333,118,116,118,118,116,98,98
10265003,2010.938467,31.6844,64.1572,119,115,119,119,115,113,31
10265004,2010.938864,31.70776667,64.14665,111,111,111,111,111,111,81
10265005,2010.939384,31.71375,64.11428333,99,96,99,99,96,27,13
10265006,2010.939751,31.73293333,64.11033333,112,110.5,110.5,112,110.5,46,46
10266001,2011.147719,31.66661667,64.1648,183,208.5,208.5,211,208.5,183,29
10266002,2011.171223,31.67338333,64.16348333,220,243,218,241,243,220,218
10266004,2011.176176,31.66723333,64.16653333,37,249.5,33,250.5,249.5,231,33
10266005,2011.177148,31.65635,64.1879,269,249,266,267,266,255,241
10266006,2011.177639,31.6604,64.21351667,212,231.5,231.5,234.5,231.5,212,36
10266007,2011.178075,31.66391667,64.24236667,259,252.5,252.5,254,252.5,245,49
10267001,2011.229852,31.59353333,64.19471667,18,57,14,95.5,57,18,14
10267002,2011.230023,31.66403333,64.16895,30,69.5,28,99.5,69.5,30,28
10267003,2011.230308,31.64548333,64.18593333,34,99,32,110,99,34,32
10267004,2011.231058,31.66643333,64.16523333,88,105.5,105.5,112,105.5,88,64
10267005,2011.231743,31.66238333,64.17293333,133,134,134,141,134,133,95
10267007,2011.23363,31.66653333,64.16515,11,46,11,82,46,11,11
10267008,2011.234256,31.64146667,64.19298333,29,45.5,23,61.5,45.5,29,23
10267009,2011.234543,31.62316667,64.21165,64.5,51.5,51.5,64.5,51.5,11,11
10267012,2011.235807,31.66643333,64.16658333,33,27,27,29,27,21,13
10267013,2011.236008,31.65653333,64.1686,26,27.5,26,29.5,27.5,24,12
10267014,2011.236996,31.64773333,64.18895,28,38.5,28,43.5,38.5,28,28
10267015,2011.237344,31.65076667,64.18501667,27,24.5,24.5,30.5,24.5,27,11
20267001,2011.2632,31.67088333,64.17721667,47,70,70,98,70,47,19
20267002,2011.263767,31.66715,64.1673,55,93.5,63,98,93.5,81,79
20267003,2011.264667,31.62875,64.15988333,94,113.5,113.5,114,113.5,94,14
20267004,2011.265194,31.61765,64.14591667,12,43,12,90.5,43,12,12
10268001,2011.318558,31.66586667,64.16575,26,16,16,17,16,14,14
10268002,2011.319174,31.6734,64.1725,28,12.5,12.5,13.5,12.5,12,12
10268003,2011.319446,31.68051667,64.17453333,32,11.5,11.5,13,11.5,12,12
10268004,2011.320063,31.6956,64.20355,27,11,11,12.5,11,11,11
10268005,2011.320556,31.7196,64.2152,23,11.5,11.5,12.5,11.5,11,11
10268006,2011.321916,31.66788333,64.1668,23,20.5,25,20.5,20.5,17,11
10268007,2011.322133,31.66526667,64.14853333,17,17,15.5,17,15.5,11,11
10268009,2011.335173,31.66715,64.18233333,25,25,24.5,25,24.5,21,21
10269002,2011.37316,31.66671667,64.16421667,12,12,12,14.5,12,12,12
10269003,2011.373925,31.66801667,64.16471667,32,13.5,13.5,16,13.5,12,12
10269004,2011.374753,31.66608333,64.16171667,12,11,11,12,11,12,12
10269005,2011.376113,31.67096667,64.16428333,0,10,0,10,10,11,11
10269006,2011.376709,31.67696667,64.13778333,0,10,10,11,10.5,12,12
10269007,2011.377002,31.6811,64.11856667,14,14.5,14,16,14.5,12,12
10269008,2011.377635,31.69611667,64.0976,15,15,13.5,15,13.5,11,11
10270002,2011.453451,31.66111667,64.16913333,25.5,24,26,25.5,24,24,12
10270003,2011.45415,31.66363333,64.16746667,23,13,26,23,13,14,12
10270004,2011.455525,31.66355,64.16673333,19,14.5,19,19,14.5,15,11
10270005,2011.456183,31.6454,64.19148333,30,27,31,30,27,27,23
10270006,2011.456539,31.62463333,64.20581667,26,23,26,26,23,12,12
10270007,2011.457041,31.602,64.21943333,11,10,11,11,10,11,11
10271002,2011.509294,31.66771667,64.16495,11,10.5,12,11,10.5,12,12
10271003,2011.509456,31.68296667,64.15076667,10,9.5,11,10,9.5,11,11
10271004,2011.509916,31.66653333,64.16458333,11.5,10.5,12,11.5,10.5,12,12
10271005,2011.511014,31.66545,64.16351667,13,12,14,13,12,12,12
10271006,2011.511494,31.66875,64.1653,12.5,11.5,12,12.5,11.5,12,12
10271007,2011.511655,31.66543333,64.16743333,10.5,10,12,10.5,10,12,12
10271008,2011.513031,31.66486667,64.1659,9,9,9,9.5,9,11,11
10271009,2011.51372,31.68745,64.14215,11.5,10.5,12,11.5,10.5,12,12
10271010,2011.514053,31.71676667,64.13286667,15,11,17,15,11,11,11
10272002,2011.627742,31.66306667,64.16693333,24.5,9,9,24.5,9.5,17,11
10272003,2011.628777,31.66608333,64.16723333,24,24,11.5,24,11.5,12,12
10272004,2011.628946,31.6653,64.16616667,22.5,18,14,22.5,14,12,12
10272005,2011.629117,31.67605,64.17258333,17,15.5,19,17,15.5,11,11
10272007,2011.63083,31.66915,64.16373333,23,19.5,25,23,19.5,17,13
10272008,2011.631332,31.67078333,64.16218333,23,19.5,26,23,19.5,18,16
10272009,2011.631507,31.66928333,64.17856667,23,20.5,27,23,20.5,17,17
10272010,2011.631802,31.6605,64.20193333,23,16,28,23,16,12,12
10273001,2011.697955,31.66465,64.1646,33,33,15,33,15,11,11
10273002,2011.698609,31.66745,64.1674,35,35,19.5,35,19.5,11,11
10273003,2011.698801,31.66633333,64.16588333,33,33,19,33,19,13,13
10273004,2011.698995,31.6706,64.16788333,29,25,19,29,19,11,11
10273005,2011.699372,31.666,64.16485,37,37,35,37,35,17,13
10273006,2011.700129,31.67216667,64.21158333,35.5,35,35,35.5,35,29,15
10273007,2011.700308,31.66756667,64.22108333,28,28,26.5,28,26.5,24,12
10273008,2011.700525,31.67405,64.22958333,32,34,32,32.5,32,32,12
10273013,2011.710303,31.6669,64.16785,33,0,0,33,11.5,16,12
10273014,2011.71085,31.66915,64.16876667,33.5,17.5,35,33.5,17.5,31,11
61183002,2011.736495,31.66566667,64.16666667,30.5,27.5,32,30.5,27.5,12,12
50046013,2011.759623,31.67601667,64.17506667,37,36,37,37,36,37,37
10274001,2011.829842,31.66525,64.17158333,88,44.5,44.5,90.5,44.5,42,12
10274002,2011.830145,31.66551667,64.16656667,89,46.5,46.5,86,46.5,79,21
10274006,2011.833704,31.6659,64.16906667,82,70.5,70.5,84,70.5,74,42
10274007,2011.834045,31.65795,64.18151667,88.5,62,62,88.5,62,75,11
10275001,2011.877026,31.58453333,64.16623333,71,69,51,71.5,51,71,17
10275002,2011.878179,31.64658333,64.16465,85,76,85,85.5,76,77,45
10275003,2011.878636,31.66555,64.1683,72,46,46,87.5,49,14,12
10275004,2011.878957,31.66985,64.16615,80,65.5,65.5,75,65.5,12,12
10275005,2011.880316,31.66593333,64.16636667,84,70,66,85,66,78,20
10275006,2011.880936,31.64946667,64.18543333,76,75,82,83.5,75,72,64
10275007,2011.881307,31.63023333,64.21675,85,78,77,85,78,73,73
10276002,2011.93574,31.6657,64.16716667,90,88,90,92,88,88,56
10276003,2011.936301,31.67,64.17408333,83,81,81,82.5,81,83,43
10276004,2011.93785,31.66741667,64.16665,35,93,55,83.5,83,37,55
10276005,2011.93848,31.67383333,64.18141667,89,74,64.5,64.5,74,23,21
10276006,2011.938818,31.69635,64.19408333,23,67.5,85,56.5,67.5,23,11
10276007,2011.93958,31.72145,64.1943,96,94,73.5,73.5,94,30,32
10276008,2011.939732,31.66656667,64.17008333,31,69.5,35,62,69.5,31,35
10277001,2012.076776,31.67046667,64.17755,144,77.5,77.5,144.5,77.5,42,42
10277002,2012.077941,31.6658,64.16633333,127,123,125,128.5,123,125,83
10277003,2012.078571,31.6686,64.1658,12,28,12,110,28,12,12
10277005,2012.080113,31.66655,64.16421667,55,55.5,55,138.5,55.5,43,23
10277006,2012.080743,31.65501667,64.13953333,67,24.5,24.5,139,24.5,37,11
10277007,2012.081074,31.65928333,64.126,45,20,20,134,20,35,11
10277008,2012.081857,31.6776,64.10101667,40,28,28,118.5,28,22,12
10277009,2012.081984,31.66703333,64.16956667,130,26,26,130.5,26,122,12
10278001,2012.109392,31.66338333,64.17133333,41,54,41,50.5,54,41,41
10278002,2012.110208,31.66765,64.16348333,134,88.5,88.5,136.5,88.5,22,70
10278003,2012.110785,31.66663333,64.15046667,36,73,36,126,73,50,40
10278004,2012.111117,31.66675,64.13645,129,66.5,66.5,129,66.5,55,43
10278005,2012.111474,31.66748333,64.1685,100,65,65,118.5,65,100,14
10278006,2012.111912,31.64545,64.10195,120,54,54,122,54,48,16
10278009,2012.113335,31.6652,64.1645,156,108,108,142.5,108,30,28
61195003,2012.167998,31.66831667,64.16686667,29,39,29,42,39,29,29
10279001,2012.182519,31.68125,64.16295,100,113.5,98,119,113.5,100,98
10279002,2012.184542,31.66521667,64.16818333,85,92.5,85,107,92.5,85,85
10279003,2012.185102,31.6686,64.16381667,33,90.5,27,94.5,90.5,33,27
10279004,2012.186646,31.6678,64.16713333,43,78.5,43,95,78.5,59,51
10279005,2012.187284,31.69458333,64.1556,94,110,94,118,110,94,94
10279006,2012.187623,31.71228333,64.15913333,68,84,84,93.5,84,68,18
20279001,2012.241189,31.66303333,64.15688333,85.5,85,0,85.5,85,75,75
20279002,2012.241929,31.67365,64.11573333,22,98.5,28,99,98.5,88,28
10280001,2012.276273,31.66356667,64.16398333,33,128,13,121.5,128,33,13
10280002,2012.278078,31.6703,64.16876667,11,17.5,11,19,17.5,11,11
10280003,2012.279489,31.66705,64.16665,11,16.5,11,67.5,16.5,11,11
10280004,2012.28006,31.69908333,64.15536667,17,20.5,15,40.5,20.5,17,15
10280005,2012.280335,31.72841667,64.14615,14,23.5,12,55,23.5,14,12
10280008,2012.28302,31.6671,64.16823333,33,54,31,135,54,33,31
20280001,2012.317249,31.66681667,64.1694,12,17.5,12,18.5,17.5,12,12
20280002,2012.317684,31.6638,64.1677,26,37.5,18,42.5,37.5,26,18
20280003,2012.318661,31.61933333,64.19585,11,27.5,11,33,27.5,11,11
10281002,2012.381155,31.66976667,64.1704,19,19.5,19.5,21,19.5,17,15
10281003,2012.381783,31.66598333,64.16956667,12,13,12,14,13,12,12
10281004,2012.383275,31.66788333,64.16775,20,20,20,21,20.5,22,22
10281006,2012.38428,31.68531667,64.22885,18,20,20,20.5,20,14,12
10281007,2012.384736,31.6925,64.25878333,21,16,16,21,16,11,11
10281010,2012.386631,31.6674,64.16815,23,22,22,23.5,22,17,15
10282001,2012.461686,31.65625,64.16923333,29,43,29,29.5,29,23,21
10282002,2012.463136,31.663,64.17005,29,27.5,27.5,31,27.5,29,11
10282003,2012.463688,31.66291667,64.16433333,37,11.5,11.5,12.5,11.5,11,11
10282004,2012.465234,31.6672,64.16665,19,12,27,19,12,11,11
10282005,2012.465858,31.6299,64.16321667,29,11.5,11.5,18,11.5,11,11
10282012,2012.470919,31.66693333,64.17805,12.5,12.5,12.5,12.5,13.5,12,12
10283001,2012.527081,31.667645,64.16827167,10,18,10,10,10,12,12
10283002,2012.528125,31.66316667,64.16471667,9,21,9,9.5,9,11,11
10283003,2012.529133,31.6653,64.17083667,10,10,10,11,10.5,12,12
10283004,2012.529711,31.66692,64.16756833,10,22,10,10,10,12,12
10283005,2012.530415,31.66558333,64.16527333,11,11,11,12,11.5,13,11
10283006,2012.530692,31.66645,64.16756667,14,14,14,14,14,12,12
10283007,2012.531434,31.64166333,64.21145,10,16,10,10,10,12,12
10283008,2012.531776,31.627445,64.25254667,13,13,13,13,13,13,11
10283011,2012.534675,31.66656833,64.16670333,13,13,13,14.5,14,15,11
10283012,2012.535474,31.66619667,64.166005,14.5,12,16,14.5,12,12,12
10284001,2012.634699,31.66891667,64.18678333,22,14,14,22,14.5,14,14
10284002,2012.635014,31.67345,64.16831667,23.5,16,16,23.5,16.5,18,18
10284003,2012.635293,31.66565,64.17048333,26,14,14,26,18.5,14,12
10284004,2012.635834,31.66563333,64.16711667,21,0,0,21.5,10,11,11
10284006,2012.637343,31.66858333,64.16678333,25.5,19,17,25.5,17,17,15
10284007,2012.63809,31.66753333,64.206,23,19,27,23,19,17,13
10284008,2012.638506,31.67745,64.21526667,21,18,18,21,19.5,18,12
10284009,2012.638756,31.6812,64.2179,22,18,22,22,18,12,12
10284010,2012.639342,31.68118833,64.246535,24,0,0,24,11,12,12
10284012,2012.640758,31.66795,64.16873333,21,21,12,21.5,12,13,11
10284013,2012.640961,31.66711667,64.16535,23,13,25,23,13,13,13
10285001,2012.696562,31.67018333,64.15991667,33,31,35,33,31,29,21
10285002,2012.698099,31.66513333,64.16858333,33,455,33,33.5,33,35,31
10285003,2012.698723,31.66526667,64.17476667,37,35,35,37,35.5,37,19
10285004,2012.700201,31.66515,64.1697,40.5,40,40,40.5,40,42,40
10285005,2012.701174,31.66801667,64.16703333,41,41,41,43,43,41,11
10285006,2012.7017,31.66746667,64.20138333,39,39,39,40,39,39,25
10285007,2012.702176,31.68003333,64.20581667,41,41,41,41,41,41,37
10285009,2012.703552,31.66478333,64.17268333,40,484,40,41.5,40,12,12
10285012,2012.705068,31.66766667,64.1667,42,41.5,42,43.5,41.5,40,16
50047015,2012.750011,31.66335,64.16733333,33,27,27,28.5,27,21,11
50047016,2012.750307,31.66766667,64.1645,30,25.5,32,30,25.5,22,12
50047048,2012.78006,31.66666667,64.16858333,42.5,41,45,42.5,41,41,27
50047049,2012.780394,31.66768333,64.16801667,48,46,51,48,46,45,23
50047050,2012.780914,31.66635,64.1683,44,42,46,44,42,42,12
10286001,2012.797888,31.64661667,64.18845,46,44.5,47,46,44.5,23,13
10286002,2012.799184,31.67155,64.16891667,38,38,38,39,38,38,38
10286003,2012.799639,31.66913333,64.1665,51,51,49.5,51,49.5,17,11
10286004,2012.799888,31.66645,64.16781667,48,22.5,22.5,48,22.5,12,12
10286005,2012.801176,31.66923333,64.1671,39,39,38,40,38,39,27
10286006,2012.80226,31.6325,64.1952,43,42,43,43.5,42,19,13
10286009,2012.803434,31.66781667,64.16815,43,43,43,43,43,41,41
10286010,2012.804656,31.66398333,64.16251667,48,46.5,48,48,46.5,24,24
10286011,2012.804884,31.66383333,64.1641,49,48,50,49,48,46,30
10287001,2012.868856,31.6674,64.17073333,63,36,36,57.5,36,35,33
10287002,2012.870433,31.66618333,64.16761667,81,16,16,81,16,81,11
10287003,2012.87131,31.66178333,64.16561667,83,54,54,83,54,11,11
10287004,2012.872427,31.66521667,64.16343333,12,34.5,12,42.5,34.5,12,12
10287005,2012.873457,31.63416667,64.2321,70,48,48,55.5,48,12,12
10287008,2012.875797,31.66668333,64.16836667,71.5,63,63,71.5,63,67,21
10287009,2012.876421,31.6659,64.16675,76,40,40,58.5,40,34,12
10287010,2012.877317,31.66578333,64.1635,12,21,12,42.5,21,12,12
61213003,2012.912519,31.6725,64.16595,89,77.5,77,80,77.5,79,11
10288001,2012.942481,31.65363333,64.12836667,15,19.5,15,28,19.5,15,15
10288002,2012.944731,31.66581667,64.16461667,24,26,24,28.5,26,24,24
10288003,2012.945391,31.66921667,64.15888333,19,24,19,27.5,24,19,19
10288004,2012.946219,31.6666,64.16603333,88,42.5,42.5,80,42.5,38,20
10288006,2012.946921,31.63761667,64.11028333,70,26.5,26.5,60,26.5,14,12
10288014,2012.952966,31.66606667,64.16391667,78,70,74,77.5,70,14,14
10289002,2013.059041,31.66501667,64.15618333,35,45.5,45.5,49,45.5,35,13
10289003,2013.059627,31.66826667,64.16755,17,75,17,70,75,17,17
10289004,2013.061182,31.66865,64.16595,135,120,120,125.5,120,107,11
10289005,2013.062093,31.71193333,64.11416667,46,110.5,46,113.5,110.5,80,80
10289006,2013.063297,31.66958333,64.16296667,93,102,89,102,102,93,89
10290001,2013.115177,31.6654,64.16803333,28,143.5,24,163,143.5,28,24
10290002,2013.116629,31.66643333,64.1688,176,180.5,174,183,180.5,178,168
10290003,2013.117028,31.66056667,64.16751667,150,149,146,152.5,149,150,144
10290004,2013.118683,31.6657,64.1746,145,146.5,141,149,146.5,145,21
10290005,2013.119317,31.6518,64.16183333,71,131,61,135,131,71,61
10290006,2013.120044,31.6249,64.1528,137,57,57,139.5,57,39,23
10290007,2013.120325,31.6014,64.15605,50,59.5,59.5,141,59.5,50,24
10290008,2013.120753,31.66978333,64.16481667,129,133,133,151.5,133,129,53
20290001,2013.153111,31.668,64.16679,86,151.5,26,163,151.5,86,26
20290002,2013.15429,31.66611,64.16518833,63,184,27,187,184,183,27
10291001,2013.191952,31.67096667,64.17381667,238,237.5,237.5,241.5,237.5,238,14
10291002,2013.193185,31.66740167,64.16492667,261,256.5,256.5,259.5,256.5,253,13
10291003,2013.193809,31.66503333,64.16646667,12,177,12,251.5,177,12,12
10291005,2013.195318,31.66483333,64.1687,203,212,199,219.5,212,203,199
10291006,2013.196242,31.63231667,64.19001667,232,235.5,235.5,242.5,235.5,232,74
10291007,2013.196299,31.63225,64.18711667,222,230,230,237,230,222,206
10291008,2013.196756,31.6029,64.21491667,11,161,11,226,161,11,11
10291010,2013.197388,31.66538333,64.16613333,178,218,218,242,218,178,22
10291012,2013.19864,31.66736667,64.16201667,260,225,225,270,225,196,12
20291001,2013.234878,31.65979,64.17457333,120,83.5,83.5,120,83.5,142,28
20291002,2013.23536,31.67125833,64.16671667,15,27.5,15,28,27.5,15,15
10292001,2013.260297,31.661975,64.17088833,30,46,46,63,46,30,12
10292002,2013.26165,31.66816333,64.16797333,40,47.5,40,80,47.5,40,40
10292003,2013.262317,31.654165,64.16409,12,49,12,52.5,49,12,12
10292004,2013.263889,31.668375,64.16797333,22,31,20,61.5,31,22,20
10292005,2013.265936,31.69658,64.25542833,43,60.5,60.5,61.5,60.5,43,11
10292006,2013.267127,31.662485,64.16623333,104,88,84,100.5,88,80,54
10292007,2013.267477,31.66817,64.168975,71,97,71,100,97,71,71
10292008,2013.267816,31.66769333,64.167685,13,94.5,11,106.5,94.5,13,11
10292010,2013.268725,31.6671,64.16664667,61,85,59,86.5,85,61,59
10292012,2013.269838,31.66645,64.1666,0,16,12,20.5,16,12,12
20292001,2013.309578,31.66735167,64.16841333,28,28.5,28,30,28.5,28,26
20292002,2013.310354,31.66776833,64.16678,40,42,40,42.5,42,36,32
20292003,2013.311442,31.714015,64.16016833,50,51.5,50,54,51.5,24,24
20292004,2013.311876,31.69714333,64.14180167,42,44.5,40,47.5,44.5,42,12
20292005,2013.312331,31.71623167,64.12200667,41,38,38,46,38,41,11
10293001,2013.367135,31.66563333,64.17278333,48,42.5,42.5,48,42.5,40,16
10293002,2013.368491,31.675555,64.17269667,37,38,35,41,38,37,35
10293003,2013.369188,31.66483333,64.16648333,42,39.5,39.5,42,39.5,14,12
10293004,2013.370599,31.6683,64.16643333,39,39.5,39,41.5,39.5,37,11
10293005,2013.371581,31.64845,64.15773333,46,44.5,44.5,46,44.5,44,12
10293006,2013.372036,31.63211667,64.16023333,40,34,34,36,34,12,12
10293007,2013.372439,31.62973333,64.16946667,44,34,34,39,34,12,12
10293008,2013.3729,31.69155,64.15686667,46,28,28,43,28,12,12
10293010,2013.374127,31.66527667,64.157845,47,42,52,47,42,12,12
61225003,2013.405415,31.666055,64.165425,46,22,22,24,22,18,18
10294001,2013.454585,31.64238,64.16845833,16,14,21,16,14,11,11
10294002,2013.455546,31.668035,64.16921,15,13,13,14.5,13,11,11
10294004,2013.457601,31.67701167,64.13107333,14.5,13,12,14.5,13,12,12
10294006,2013.458721,31.66853,64.16495167,19,19,19,19.5,19,19,19
10294007,2013.458933,31.66196667,64.17638333,20.5,20,22,20.5,20,12,12
10294009,2013.460361,31.61852167,64.13045333,14.5,14,16,14.5,14,14,12
10295002,2013.507886,31.6656,64.16726667,13,27,13,13.5,13,13,13
10295003,2013.509831,31.72343333,64.12758333,14,14,12.5,14,12.5,12,12
10295004,2013.510337,31.66711667,64.16826667,13,11,11,13.5,13.5,13,13
10295005,2013.511313,31.64991667,64.18121667,17,17,15,17,15,11,11
10295006,2013.511712,31.63788333,64.19211667,17,17,15.5,17,15.5,11,11
10295007,2013.51234,31.63251667,64.20538333,14.5,13,13,14.5,13.5,11,11
10295008,2013.513706,31.66391667,64.16775,14.5,13,13,14.5,13.5,13,11
10295009,2013.514216,31.66685,64.16646667,13,12,12,13,12.5,12,12
10295011,2013.516221,31.66696667,64.16631667,14,12,14,14,14,12,12
10295012,2013.516925,31.67348333,64.23766667,16.5,12.5,17,16.5,12.5,11,11
10295013,2013.517842,31.67558333,64.15261667,13,13,13,13.5,13,11,11
10295014,2013.518847,31.64741667,64.16815,15,11.5,16,15,11.5,12,12
61229002,2013.564538,31.66268333,64.16623333,11.5,10,10,11.5,10.5,12,12
10296001,2013.583813,31.66078333,64.17571667,13.5,12.5,14,13.5,12.5,12,12
10296002,2013.584836,31.66516667,64.16673333,13.5,11,13,13.5,11,13,13
10296004,2013.587047,31.665,64.16978333,16.5,13,17,16.5,13,15,11
10296005,2013.587804,31.64690833,64.192965,14,12,12,14,12.5,14,12
10296006,2013.587936,31.64251333,64.20264667,12,9,9,12,10,11,11
10296007,2013.588531,31.61668333,64.22635,16.5,16,11,16.5,11,12,12
10297001,2013.711402,31.66802,64.16552333,26,14,14,21.5,14,12,12
10297003,2013.711906,31.66749333,64.16083333,10.5,10,10,10.5,10,11,11
10297005,2013.714041,31.68429167,64.19497333,23.5,19,19,23.5,21,23,19
10297006,2013.714507,31.69292833,64.20099667,28,21,20.5,28,20.5,11,11
10297007,2013.715017,31.69485833,64.21990833,27,21,15.5,27,15.5,15,13
10297011,2013.71692,31.66801,64.16714167,22.5,13,13,22.5,13.5,11,11
10297012,2013.717869,31.66603,64.16713667,26,23,23,26,24.5,23,11
61233003,2013.734635,31.66655,64.16465,12,9,9,12,10,11,11
50048004,2013.746682,31.66838333,64.16138333,26,24,26,26.5,24,26,14
50048017,2013.781033,31.6659,64.16971667,40.5,39,18,40.5,18,15,11
10298001,2013.797024,31.66688333,64.16828333,21,11.5,11.5,21,11.5,11,11
10298004,2013.799245,31.66821667,64.16803333,50,49,29.5,50,29.5,11,11
10298005,2013.800765,31.66495,64.16761667,48,18.5,18.5,48,18.5,17,15
10298006,2013.801712,31.64615,64.21291667,35,24.5,49,35,24.5,13,13
10298009,2013.804136,31.66661667,64.16648333,47,22,22,45,22,19,17
10298010,2013.804452,31.66535,64.16595,45.5,43,23,45.5,23,13,11
10298012,2013.805554,31.6669,64.16605,41.5,12,12,41.5,12,12,12
61237003,2013.828328,31.66691333,64.16773833,43,41,41,44.5,42,45,11
10299001,2013.870782,31.68161667,64.17271667,66,66,63.5,66,63.5,64,14
10299002,2013.870925,31.66335,64.17185,61,61,59,61,59,45,11
10299003,2013.872097,31.66675167,64.16820833,60,60,60,62,60.5,60,12
10299004,2013.872685,31.67104167,64.18525167,62,62,61,62,61,62,14
10299005,2013.873063,31.65751667,64.2018,59,487,59,59.5,59,59,35
10299006,2013.873954,31.64311667,64.24913333,60,60,60,60,60,62,26
10299007,2013.87524,31.666245,64.16646167,67,67,65.5,67,65.5,65,13
10299008,2013.875497,31.66551667,64.16845,61,61,61,61.5,61,63,11
10299009,2013.876807,31.66628333,64.16806667,63,63,63,63,63,63,59
61240002,2013.90175,31.66841667,64.16713333,66,66,53.5,66,53.5,46,24
10300001,2013.937631,31.67198333,64.20391667,85,85,85,85,85,85,35
10300002,2013.939058,31.67171333,64.15872,82.5,82,75.5,82.5,75.5,12,12
10300003,2013.940592,31.66974333,64.163255,83,429,83,83,83,83,11
10300004,2013.941562,31.68903333,64.15755,79,451,79,79.5,79,79,13
10300005,2013.942083,31.71707,64.15565667,80.5,79,79,80.5,79.5,81,23
10300006,2013.942599,31.74367833,64.149105,84,84,84,84,84,82,78
10300010,2013.944747,31.71639,64.23290667,86,86,86,86,86,86,18
10300011,2013.944985,31.66853833,64.14922,12,12.5,12,14.5,12.5,12,12
10300014,2013.948219,31.66510667,64.16406333,11,15,11,18,15,11,11
10301001,2014.173672,31.66325,64.16808333,52,126.5,50,169,126.5,52,50
10301002,2014.176513,31.66253333,64.17591667,22,137.5,22,164.5,137.5,22,22
10301003,2014.177458,31.62838333,64.23295,21,35,13,153,35,21,13
10301006,2014.180055,31.66488333,64.15,11,101,11,135.5,101,11,11
10302001,2014.27503,31.66426667,64.16841667,46,44,46,47,46.5,42,20
10302003,2014.276014,31.66412333,64.16747167,19,38,11,45,38,19,11
10302004,2014.276724,31.66964833,64.16480167,43,46.5,43,47.5,46.5,45,11
10302005,2014.277409,31.66761667,64.17051667,43,47.5,43,50.5,47.5,43,43
10302006,2014.277601,31.66323333,64.16501833,62,61.5,61.5,63,61.5,58,12
10302007,2014.278493,31.65296333,64.200475,11,60.5,11,63,60.5,11,11
10302008,2014.278948,31.65975667,64.21968,12,61.5,12,64.5,61.5,12,12
10302009,2014.279448,31.65528333,64.23665,24,56,22,57,56,24,22
10302010,2014.280605,31.66813333,64.23935167,18,18,22,22,23,14,12
10302011,2014.280826,31.66681667,64.16441667,43,44.5,43,44,44.5,43,15
10302017,2014.283758,31.61435,64.22833333,45,54,45,53.5,54,45,45
10302018,2014.284203,31.67074333,64.16637,29,31,29,33.5,33,31,11
10303001,2014.323333,31.67225167,64.177275,55,77,47,80,77,55,47
10303003,2014.325283,31.66515,64.16745833,73,80.5,80.5,80.5,80.5,73,41
10303004,2014.326735,31.66617833,64.166675,81,87,87,88,87,71,15
10303005,2014.327549,31.62639833,64.179495,76,82,76,83.5,82,76,76
10303008,2014.330466,31.66873667,64.16816333,90,89.5,89.5,90,89.5,86,12
91410010,2014.433642,31.626035,64.17583667,11,10.5,11,11,10.5,11,11
91410011,2014.4343,31.65827333,64.16706667,10,10,10,11.5,11.5,12,12
10304001,2014.44368,31.65926667,64.14851667,9,9,9,9.5,9,11,11
10304004,2014.445927,31.66496667,64.16383333,11,10.5,10.5,11,10.5,12,12
10304006,2014.4473,31.66295,64.16658333,32,13.5,13.5,19,13.5,12,12
10304008,2014.448299,31.63175,64.11933333,39,12.5,12.5,15,12.5,11,11
10304009,2014.448748,31.60733333,64.1092,0,10,10,10.5,10,11,11
10304013,2014.450708,31.66616667,64.16588333,11,10,10,11,10,11,11
10304016,2014.452068,31.6687,64.16395,11.5,10.5,10.5,11.5,10.5,12,12
61247003,2014.479661,31.66846667,64.16778333,12,11.5,12,12,11.5,12,12
10305001,2014.520342,31.6519,64.16766667,11,9.5,11,11,9.5,11,11
10305004,2014.522508,31.663,64.16466667,10,9.5,9.5,10,9.5,11,11
10305006,2014.523995,31.66646667,64.16301667,10,9.5,11,10,9.5,11,11
10305009,2014.525051,31.65716667,64.2145,20,11.5,11.5,12,11.5,12,12
10305010,2014.525527,31.63253333,64.23496667,12.5,10.5,11,12.5,10.5,11,11
10305014,2014.527498,31.66766667,64.17316667,16,10.5,10.5,11.5,10.5,12,12
10305017,2014.528841,31.66525,64.16571667,9,9,9,11,10,11,11
61249005,2014.572966,31.666,64.15983333,18.5,17.5,18,18.5,17.5,18,16
10306001,2014.632789,31.66555,64.16633333,17,13,13,17,13,13,13
10306002,2014.634085,31.668305,64.18205,29.5,19,19,29.5,19.5,19,19
10306004,2014.637926,31.66926667,64.16593333,18.5,15,11,18.5,15,11,11
10306006,2014.639161,31.66706667,64.16891667,23.5,19.5,25,23.5,19.5,19,17
10306007,2014.640154,31.66201667,64.16408333,26.5,24,26,26.5,24,12,12
10306008,2014.640873,31.679,64.09581667,21.5,17,23,21.5,17,11,11
61251003,2014.671944,31.6708,64.16611167,35,10,10,12,10,11,11
10307001,2014.698889,31.67013333,64.17268333,26.5,25,14.5,26.5,14.5,11,11
10307002,2014.699547,31.6656,64.16428333,31.5,30,33,31.5,30,27,17
10307003,2014.699928,31.66105,64.1669,30.5,29,33,30.5,29,27,17
10307004,2014.700643,31.67198333,64.17075,24,22,25,24,22,15,15
10307006,2014.702057,31.66702,64.16515,27,27,25.5,27,25.5,25,15
10307007,2014.702471,31.67196667,64.17725,29,29,28.5,29,28.5,27,11
10307008,2014.703149,31.66255,64.1813,29,28.5,29,29,28.5,11,11
10307009,2014.703546,31.66416667,64.20343333,27.5,27,25.5,27.5,25.5,11,11
10307010,2014.703942,31.65585,64.20691667,28,11,32,28,11,12,12
10307011,2014.704159,31.65596667,64.22045,31.5,10.5,35,31.5,10.5,11,11
10307014,2014.705497,31.66566667,64.16876667,25,25,18.5,25.5,18.5,13,13
10307017,2014.707041,31.66643333,64.16665,28,11.5,30,28,11.5,12,12
10307018,2014.707656,31.66953333,64.17106667,22,19,24,22,19,16,16
61253003,2014.728664,31.66734333,64.16746167,34,34,11.5,34,11.5,12,12
50049004,2014.743179,31.67219833,64.16277,26,26,26,28.5,26.5,12,22
50049024,2014.775335,31.66613333,64.16553333,30.5,27.5,32,30.5,27.5,22,22
10308010,2014.823299,31.67605,64.151675,36,38,38,41.5,38,36,28
10308011,2014.823737,31.66361667,64.16188167,73,45,45,49.5,45,45,11
10308012,2014.823879,31.65608667,64.16588667,16,46,12,54.5,46,16,12
10308013,2014.824564,31.66929833,64.16827167,74,31.5,31.5,50,31.5,32,24
10308014,2014.824996,31.667125,64.16765167,21,25,21,29,25,21,21
10308015,2014.825464,31.66851833,64.1638,19,23,19,24,23,19,19
10308016,2014.826035,31.69316667,64.15581167,36,45,40,53,45,40,32
10308018,2014.826404,31.71322667,64.14938167,11,15,11,19.5,15,11,11
10308021,2014.827627,31.672315,64.16018333,30,30,30,31.5,31,32,30
10308022,2014.828092,31.66694,64.163355,42,42,42,44,43,44,14
61258003,2014.860428,31.667,64.16625,11,9,11,12,58,11,11
10309001,2014.884275,31.67298333,64.16266667,73,67,67,74,69.5,67,65
10309003,2014.887057,31.67453333,64.1623,43,71.5,69,74.5,71.5,27,11
10309005,2014.888537,31.67695,64.16658333,35,48,25,55,48,35,25
10309006,2014.888866,31.66988333,64.16876667,81,32,32,71,32,23,11
10309007,2014.889277,31.64941667,64.14275,75,57.5,73,66,57.5,39,23
10309008,2014.889564,31.64699833,64.14935167,81,70,83,79,70,63,49
10309009,2014.890023,31.64851333,64.12406667,97,71.5,71.5,77,71.5,55,31
10309010,2014.890403,31.64673667,64.11490833,71,65.5,65.5,69,65.5,53,11
10309013,2014.891977,31.66291833,64.16942,86,86,85,86,85,86,12
10310002,2014.940276,31.65185,64.16115,91,87.5,87.5,87.5,87.5,45,21
10310004,2014.941305,31.66785,64.16271667,93,93,93,94,93.5,79,41
10310005,2014.94333,31.66486667,64.16705,91,92,91,93,92,89,13
10310006,2014.944403,31.6779,64.167,100,104,100,100,100,100,24
10310007,2014.944815,31.677,64.16518333,90,90,90,90.5,90,88,12
10310008,2014.945171,31.66816667,64.176,98,96,98,98,96,94,86
10310012,2014.947089,31.66616667,64.165,103,101,103,103,101,101,15
10310013,2014.947314,31.66181667,64.16471667,86,86,86,87,86.5,88,30
10310014,2014.948042,31.60063333,64.1635,103,101.5,101,103,101.5,101,89
61261003,2014.964285,31.66878333,64.16883333,79,40,40,79,45.5,30,28
10311001,2015.088086,31.66793333,64.17076667,121,117.5,117.5,122.5,117.5,115,23
10311002,2015.088478,31.65838333,64.15646667,131,125.5,125.5,131,125.5,127,55
10311003,2015.088813,31.66488333,64.16795,132,126.5,126.5,131.5,126.5,126,22
10311004,2015.089334,31.66973333,64.17583333,116,118,116,119,118,118,112
10311007,2015.093213,31.66758333,64.18768333,138,143,143,152,143,138,26
10311009,2015.094654,31.66448333,64.19141667,158,140,140,146.5,140,136,68
10311010,2015.095824,31.64671667,64.22988333,139,130,130,140.5,130,127,15
10311013,2015.097732,31.59566667,64.19133333,156,112,112,155,112,154,34
20311001,2015.137022,31.66435,64.16585,60,133.5,60,204,133.5,164,12
20311002,2015.137892,31.66738333,64.16906667,203,125,125,205.5,125,171,21
20311003,2015.139009,31.64683333,64.15711667,202,109.5,109.5,200,109.5,186,50
20311004,2015.139357,31.61776667,64.1563,222,147,147,216,147,148,20
20311005,2015.139857,31.60151667,64.18135,101,158,99,223,158,173,99
61264003,2015.169661,31.67091667,64.16923333,38,67,38,104.5,67,42,24
10312002,2015.192808,31.66311667,64.16251667,47,55.5,45,67,55.5,47,45
10312003,2015.194325,31.66688333,64.16828333,23,36.5,23,40.5,36.5,23,23
10312005,2015.195316,31.66829833,64.17705,28,39.5,39.5,50.5,39.5,28,12
10312007,2015.196402,31.60483333,64.17616667,171,150,150,178,150,79,59
10312008,2015.196467,31.60816667,64.18893333,180,158,158,176.5,158,92,92
10312012,2015.198583,31.6667,64.16676667,92,99.5,99.5,133.5,99.5,92,38
10313001,2015.265506,31.66088333,64.1576,32,29.5,29.5,32,29.5,20,20
10313002,2015.267808,31.66778333,64.16568333,34,14,14,15,14,12,12
10313003,2015.269243,31.66808333,64.1655,33,21,21,32,21,13,11
10313005,2015.270327,31.66508333,64.16626667,43,10,10,35.5,10,11,11
10313006,2015.270691,31.65813333,64.16508333,38,19.5,19.5,34,19.5,12,12
10313007,2015.271178,31.6722,64.17051667,25,17.5,17.5,18.5,17.5,11,11
10313009,2015.272833,31.6669,64.16705,12,17,12,22,17,12,12
20313001,2015.309437,31.66135,64.1606,11,10.5,10.5,35,10.5,11,11
20313002,2015.310379,31.66813333,64.16246667,16,20,16,22,20,16,16
20313004,2015.311484,31.73798333,64.16773333,63,32,32,42.5,32,37,11
10314001,2015.358427,31.66526667,64.16531667,10,10.5,10,11,10.5,12,12
10314004,2015.360278,31.6675,64.16973333,14,14,14,15,14.5,16,12
10314005,2015.360713,31.66976667,64.16295,19,19,17,20,19,13,13
10314006,2015.362393,31.66985,64.16681667,10.5,10,10,10.5,10,12,12
10314007,2015.363457,31.58511667,64.1509,11,471,11,11.5,11,11,11
10314020,2015.371065,31.66401667,64.16621667,22,22,22,24,23.5,24,24
20314001,2015.401903,31.66815,64.1689,31,32.5,31,34.5,32.5,15,13
20314002,2015.402664,31.66588333,64.16798333,30,30,30,30.5,30,18,18
20314003,2015.403486,31.66683333,64.1686,42,39,39,40,39,38,32
20314004,2015.403788,31.65778333,64.17635,40,42,40,42.5,42,36,36
61270003,2015.457515,31.66596667,64.16723333,13,11.5,14,13,11.5,12,12
10315001,2015.474129,31.6637,64.17033333,10,10,10,11,10,12,12
10315003,2015.475999,31.66443333,64.16623333,10,9.5,11,10,9.5,11,11
10315005,2015.477464,31.66698333,64.16531667,14,18,14,14,14,14,14
10315008,2015.478552,31.66803333,64.16535,9,25,9,9,9,11,11
10315009,2015.478946,31.67245,64.14616667,11,11,11,11,11,11,11
10315010,2015.479507,31.66905,64.16551667,11,10,11,11,10,11,11
10315013,2015.482403,31.61833333,64.12833333,11,15,11,11,11,11,11
10316003,2015.535445,31.66733333,64.16225,23,21,23,23,23,21,19
10316004,2015.536303,31.66435,64.16583333,21.5,21,23,21.5,21,17,11
10316005,2015.537755,31.66868333,64.16605,18,18,18,20,19,18,18
10316006,2015.53809,31.66471667,64.16153333,21,21,21,22,21.5,23,13
10316009,2015.539724,31.67008333,64.16513333,21.5,21,20.5,21.5,20.5,13,11
10316010,2015.54047,31.668,64.16573333,26.5,25,24.5,26.5,24.5,23,21
10316012,2015.541533,31.63845,64.16423333,24,23,22.5,24,22.5,11,11
10316013,2015.542022,31.63825,64.18746667,25,12.5,31,25,12.5,11,11
10316014,2015.542517,31.6207,64.20883333,22.5,19,24,22.5,19,18,12
10316017,2015.543716,31.66808333,64.16773333,21,25,21,21.5,21,21,21
10316018,2015.544595,31.65226667,64.11611667,20,10,25,20,10,11,11
10317003,2015.627869,31.66538333,64.16545,21,11.5,29,21,11.5,11,11
10317004,2015.628071,31.66998333,64.16536667,11.5,10,11,11.5,10,11,11
10317005,2015.628253,31.66685,64.15873333,19,12,22,19,12,12,12
10317006,2015.628411,31.66871667,64.17593333,11.5,10.5,12,11.5,10.5,12,12
10317007,2015.628742,31.66841667,64.16978333,13.5,10.5,11,13.5,10.5,11,11
10317008,2015.629425,31.66503333,64.16701667,23,13,13,13,13,11,11
10317010,2015.63218,31.66626667,64.16915,16.5,15.5,11,16.5,15.5,11,11
10317011,2015.632378,31.67026667,64.16656667,28,15,15,17.5,15,16,12
10317014,2015.633605,31.66496667,64.1618,14,12,11.5,14,11.5,12,12
10317019,2015.634779,31.62223333,64.11723333,28,13.5,13.5,20.5,13.5,12,12
10317027,2015.638387,31.6695,64.1675,31,16.5,16.5,21,16.5,11,11
10317039,2015.642239,31.6656,64.16915,19.5,11,12,19.5,11,12,12
10317040,2015.642354,31.6591,64.15273333,19,11.5,21,19,11.5,13,11
10317041,2015.642468,31.66631667,64.1699,21.5,11,11,21.5,11.5,11,11
10317043,2015.643025,31.66993333,64.20806667,14.5,11,11,14.5,12.5,11,11
10317044,2015.643137,31.68231667,64.20116667,20,13,13,20,13.5,13,11
10317045,2015.643253,31.69453333,64.19571667,18.5,10,10,18.5,10.5,12,12
10317047,2015.643493,31.69073333,64.14113333,16,10,21,16,10,11,11
10317051,2015.646655,31.67345,64.16458333,15,14,18,15,14,12,12
10318006,2015.696182,31.65673333,64.16293333,31,31,31,32,31,33,29
10318008,2015.697972,31.6673,64.16678333,32,16.5,32,32,16.5,12,12
10318009,2015.699404,31.66661667,64.16556667,30,29.5,31,30,29.5,31,19
10318011,2015.700451,31.66748333,64.14615,30,21.5,30,30,21.5,12,12
10318012,2015.700799,31.65395,64.16185,32,14,34,32,14,12,12
10318013,2015.702483,31.61465,64.1417,36,36,33.5,36,33.5,14,28
10318014,2015.702812,31.66866667,64.16281667,28.5,28,30,28.5,28,28,20
20318001,2015.863061,31.66338333,64.16381667,60.5,19.5,19.5,60.5,19.5,18,12
10319001,2015.9093,31.64671667,64.15383333,86,34.5,34.5,86,34.5,11,11
10319002,2015.910462,31.6645,64.16341667,27,491,27,77.5,75,71,27
10319003,2015.911492,31.6166,64.15211667,62,35,35,62,35,26,12
10319005,2015.913132,31.6659,64.16611667,68,68,68,68.5,68,68,60
61281006,2015.935285,31.66355,64.16623333,79,79,79,79.5,79,77,75
10320001,2015.944509,31.66668333,64.1552,91,90,92,91,90,20,20
10320003,2015.947333,31.67123333,64.15726667,94,92.5,94,94,92.5,94,12
10320005,2015.948798,31.66466667,64.16555,91,89.5,91,91.5,89.5,61,41
61283003,2015.970843,31.6661,64.16316667,98,98,98,99,98.5,100,90
10321001,2016.1831,31.70061667,64.20121667,42,100,42,92.5,100,56,32
10321002,2016.184381,31.66858333,64.16705,88,92.5,92.5,92.5,92.5,88,12
10321003,2016.185142,31.67883333,64.17986667,99,103.5,99,103.5,103.5,99,99
10321004,2016.186639,31.68053333,64.17716667,99,102,97,102,102,97,11
10321005,2016.187676,31.72896667,64.19093333,103,68.5,68.5,103,68.5,41,37
10321008,2016.189765,31.66651667,64.16528333,112,61.5,61.5,109,61.5,50,44
10322001,2016.2243,31.69951667,64.16703333,54,59,59,81.5,59,54,34
10322003,2016.225353,31.66611667,64.16701667,58,59.5,59.5,88,59.5,58,50
10322004,2016.226063,31.66796667,64.16888333,64,67.5,67.5,79.5,67.5,64,12
10322005,2016.227518,31.67123333,64.1656,18,66,18,74.5,66,18,18
10322006,2016.228544,31.72215,64.14225,62,65,65,77.5,65,62,12
20322001,2016.258626,31.66816667,64.16,57,59.5,59.5,69,59.5,57,13
20322002,2016.259219,31.66415,64.15741667,30,49,30,61.5,49,30,30
20322003,2016.260309,31.66455,64.16416667,30,60,28,65,60,30,28
20322004,2016.260703,31.66298333,64.16321667,46,62,44,67,62,46,44
20322005,2016.260948,31.65366667,64.15278333,43,59.5,43,64,59.5,43,43
20322006,2016.261157,31.64961667,64.13295,56,59,59,64,59,56,46
10323001,2016.286777,31.63018333,64.14518333,10,11.5,10,13.5,11.5,12,12
10323004,2016.288306,31.66433333,64.16535,39,62,37,64.5,62,39,37
10323005,2016.288955,31.66603333,64.16995,11,32.5,11,58,32.5,11,11
10323007,2016.290401,31.66636667,64.16868333,37,56,19,58,56,37,19
10323008,2016.29139,31.5927,64.14541667,63.5,49.5,49.5,63.5,49.5,33,21
10323011,2016.294699,31.66591667,64.15956667,11,22,11,28,22,11,11
10324002,2016.338477,31.66568333,64.16906667,26,17.5,17.5,23,17.5,12,12
10324003,2016.33864,31.66783333,64.16086667,21,15,15,21.5,15,11,11
10324004,2016.33876,31.66668333,64.16783333,21,15,15,20,15,11,11
10324005,2016.338878,31.66885,64.15933333,15,14,14,15.5,14,11,11
10324006,2016.338993,31.66835,64.1665,15,13,13,15,13,11,11
10324007,2016.33949,31.66555,64.16005,17,13.5,13.5,15.5,13.5,11,11
10324008,2016.339633,31.66603333,64.16286667,19,11,11,12,11,11,11
10324009,2016.339777,31.66978333,64.167,18,14,14,16.5,14,12,12
10324010,2016.339923,31.67361667,64.17206667,15,13,13,14.5,13,11,11
10324011,2016.340056,31.66503333,64.1646,11,12,11,12.5,12,11,11
10324012,2016.34019,31.6675,64.16768333,12,11.5,11.5,12.5,11.5,12,12
10324013,2016.340875,31.6659,64.16753333,14,17,12,20,17,12,12
10324014,2016.341503,31.66681667,64.1686,11,10.5,10.5,11.5,10.5,11,11
10324015,2016.34165,31.6666,64.16873333,18,12.5,12.5,14.5,12.5,12,12
10324016,2016.34227,31.66471667,64.1764,9,10.5,9,11.5,10.5,11,11
10324017,2016.343323,31.67705,64.1909,13,13.5,13.5,15,13.5,11,11
10324020,2016.347163,31.66185,64.1652,29,29.5,29,31,29.5,29,19
10324022,2016.349484,31.66318333,64.16016667,23,23,23,25,24,19,17
10324023,2016.349621,31.64001667,64.15321667,31,13,15,33.5,15,17,11
10324024,2016.349746,31.65791667,64.15701667,21,15.5,15.5,25,15.5,17,11
10324025,2016.349846,31.65521667,64.15876667,28,10,14,22,14,16,12
10324026,2016.350932,31.66401667,64.16616667,31,11,24.5,33.5,24.5,13,13
10324027,2016.351047,31.66975,64.16555,37,15,29.5,39.5,29.5,17,17
10324028,2016.351169,31.66101667,64.16551667,41,23,28.5,42.5,28.5,23,11
10324029,2016.351252,31.67055,64.16593333,45,35.5,35,47,35.5,25,21
10324030,2016.351956,31.70516667,64.21691667,39,19,19,26.5,19,11,11
10324031,2016.352055,31.6999,64.22686667,47,13,13,24.5,13,11,11
10324032,2016.352161,31.69338333,64.24206667,40,19.5,19.5,23.5,19.5,12,12
10324033,2016.352265,31.68523333,64.2598,0,18,12,24.5,18,12,12
10324034,2016.352376,31.67543333,64.24921667,22,15.5,15.5,22.5,15.5,12,12
10324036,2016.353489,31.66561667,64.16495,26,24.5,24.5,31,24.5,24,20
10324037,2016.354076,31.66371667,64.17278333,16,19.5,19.5,27,19.5,16,12
10324038,2016.354355,31.65801667,64.16076667,12,19.5,12,28,19.5,12,12
10324039,2016.354618,31.64356667,64.15235,25,16.5,16.5,25.5,16.5,11,11
10324040,2016.354882,31.63043333,64.16551667,12,18.5,12,27,18.5,12,12
10324041,2016.355151,31.62951667,64.17768333,11,15,15,18.5,15,11,11
10325006,2016.451911,31.66666667,64.1657,30,30,29.5,30,29.5,30,30
10325007,2016.452878,31.66613333,64.16771667,23.5,21.5,25,23.5,21.5,11,11
10325009,2016.454292,31.66783333,64.16371667,32.5,32,34,32.5,32,30,20
10325010,2016.455318,31.67181667,64.24886667,21,20,22,21,20,12,12
10325014,2016.457565,31.67071667,64.16735,29.5,28,31,29.5,28,23,17
10325018,2016.461682,31.6717,64.16851667,24,23,24,24,23,22,18
10326006,2016.555669,31.65963333,64.16125,17.5,16,16,17.5,16,16,14
10326007,2016.556611,31.66768333,64.16688333,13.5,12.5,12,13.5,12.5,14,12
10326008,2016.558176,31.6675,64.16601667,14,13,15,14,13,11,11
10326009,2016.559329,31.68856667,64.19703333,15,445,15,15.5,15,11,11
10326010,2016.559885,31.6918,64.21356667,17,16,17,17,16,11,11
10326011,2016.561253,31.66653333,64.16696667,18,20,18,18.5,18,16,14
10326012,2016.561532,31.661,64.1785,18,17,18,18,17,16,12
10327006,2016.625941,31.66768333,64.16678333,15.5,11,12,15.5,11,12,12
10327007,2016.626406,31.66768333,64.16678333,35,9.5,9.5,10.5,9.5,11,11
10327008,2016.627061,31.66768333,64.16678333,13.5,12.5,12,13.5,12.5,12,12
10327009,2016.627742,31.66653333,64.16633333,16.5,13,12,16.5,13,12,12
10327010,2016.630501,31.66791667,64.16666667,11.5,10,11,11.5,10,11,11
10327011,2016.630806,31.6679,64.16485,14.5,11.5,12,14.5,11.5,12,12
10327012,2016.631895,31.66585,64.1674,11,10,11,11,10,11,11
10327013,2016.632912,31.7085,64.15116667,16,15,11,16,15,11,11
10327014,2016.633882,31.72441667,64.10875,18,15.5,24,18,15.5,12,12
10328007,2016.719942,31.65668333,64.168,28,30,28,28,28,30,16
10328008,2016.72063,31.66721667,64.1669,29,29,29,29.5,29,31,17
10328010,2016.722048,31.66806667,64.1687,32,42,32,32.5,32,34,32
10328011,2016.723078,31.64516667,64.20236667,30,36,30,30.5,30,32,18
10328012,2016.723518,31.64085,64.22403333,30,36,30,30,30,26,20
10328013,2016.724008,31.62275,64.22048333,28,26.5,28,28,26.5,26,24
10328015,2016.725438,31.66685,64.17633333,33,35,33,33.5,33,33,31
61299003,2016.737713,31.6692,64.17308333,30,30,28.5,30,28.5,30,28
50051004,2016.752133,31.66666667,64.16501667,30,20,20,30,22,20,18
50051005,2016.752749,31.61353333,64.2286,34.5,32.5,36,34.5,32.5,28,28
10329006,2016.798518,31.67031667,64.16565,71,64.5,64.5,67,64.5,11,11
10329007,2016.799529,31.62753333,64.13808333,63.5,60.5,54,63.5,60.5,54,54
10329008,2016.799983,31.60436667,64.18988333,55,49,49,51,49,15,15
10329009,2016.800414,31.61955,64.23893333,66,37.5,37.5,46.5,37.5,32,12
10329012,2016.802875,31.66991667,64.16926667,26,26.5,26.5,28,26.5,26,12
10329013,2016.803628,31.67288333,64.16483333,11,25.5,11,42,25.5,11,11
10329016,2016.804939,31.66735,64.16885,21.5,10.5,10.5,21.5,10.5,13,11
61302003,2016.838826,31.66565,64.1678,61,48.5,48.5,49,48.5,47,11
10330008,2016.88369,31.66708333,64.16505,88,88,88,88.5,88,78,76
10330009,2016.884624,31.66116667,64.16725,81,79.5,81,81.5,79.5,79,41
10330010,2016.886104,31.6675,64.16843333,82.5,80,56,82.5,56,48,12
10330011,2016.887134,31.653,64.18001667,77,52.5,79,77,52.5,13,13
10330012,2016.887904,31.63008333,64.20078333,87,69,69,87.5,69,63,11
10330014,2016.889432,31.6675,64.1645,90,90,90,90.5,90,88,52
10331006,2016.948478,31.66053333,64.16768333,96,93,93,95.5,93,90,76
10331008,2016.949478,31.66805,64.1643,38,91,56,98,91,92,56
10331009,2016.95022,31.66746667,64.16576667,94,92.5,94,94,92.5,20,20
10331010,2016.951675,31.66418333,64.16471667,91,91,91,92,91,91,41
10331011,2016.95266,31.64778333,64.22313333,104,27.5,27.5,104.5,27.5,102,12
10331012,2016.953153,31.63645,64.22876667,101,15,15,101.5,15,101,11
10331015,2016.955607,31.66983333,64.16345,21,25,25,80.5,25,21,17
61305003,2016.964688,31.67205,64.17051667,105,89,89,101.5,89,61,43
10332006,2017.015032,31.66463333,64.16741667,96,10,23.5,117.5,23.5,12,12
10332009,2017.016256,31.66265,64.16448333,139,32.5,32.5,139,32.5,11,13
10332010,2017.017295,31.66666667,64.16878333,135,34,34,134.5,34,93,21
10332012,2017.018385,31.6944,64.2001,11,38,11,132.5,38,11,11
10332013,2017.019098,31.69896667,64.2038,142,51.5,51.5,140,51.5,138,24
10332015,2017.020495,31.6672,64.16668333,36,45.5,36,45.5,45.5,36,36
10333004,2017.131779,31.66513333,64.16813333,30,166.5,12,163.5,166.5,30,12
10333009,2017.137827,31.66316667,64.16621667,105,116,116,117.5,116,105,55
91703004,2017.250862,31.66614167,64.16788667,52,187,52,174.5,187,52,52
91703008,2017.251866,31.66761667,64.171365,55,180.5,19,186.5,180.5,55,19
91703011,2017.253202,31.66232167,64.16621333,92,212,96,218,221,208,96
91703014,2017.254604,31.66728667,64.15843167,147,167,149,165,167,147,149
91703016,2017.25594,31.66737833,64.16361167,59,72,51,76,72,59,51
10334005,2017.26946,31.66666667,64.16971667,38,54,26,60.5,54,38,30
10334006,2017.269745,31.67066667,64.1555,22,28.5,28.5,55,28.5,22,12
10334007,2017.270565,31.66751667,64.1623,11,23.5,11,44.5,23.5,11,11
10334008,2017.271973,31.66948333,64.16741667,11,20,11,36.5,20,11,11
10334009,2017.27301,31.64096667,64.1895,45,50.5,45,59.5,50.5,31,21
10334010,2017.273482,31.65148167,64.19596667,40,40,42,45,45.5,14,42
10334011,2017.273931,31.63008333,64.1978,35,50.5,35,50.5,50.5,47,13
10334012,2017.275335,31.6669,64.16778333,56,62.5,52,68.5,62.5,56,52
10334013,2017.276494,31.682625,64.25460667,46,61,60.5,60.5,61,46,16
20334001,2017.293309,31.66833333,64.16768333,15,21,15,21.5,21,15,15
20334002,2017.294414,31.66715,64.16663333,42,35,30,35.5,35,34,12
10335005,2017.35101,31.6605,64.16283333,27,22.5,22.5,28,22.5,15,15
10335007,2017.35195,31.66713333,64.16445,25,23.5,23,25,23.5,25,23
10335008,2017.352662,31.66618667,64.15936667,40,14.5,14.5,17.5,14.5,12,12
10335009,2017.354193,31.66655,64.166,27,39,27,27.5,27,27,27
10335010,2017.355287,31.65146167,64.10782833,28,28,28,29,28,14,12
10335011,2017.35579,31.65000333,64.07541333,35,12,12,18.5,12,11,11
10335024,2017.364024,31.66905333,64.16568,40,20,20,27.5,20,12,12
20335001,2017.408971,31.66505,64.16032667,36,11.5,11.5,12.5,11.5,12,12
20335002,2017.410065,31.59084333,64.14856167,17,11,11,12,11,11,11
20335005,2017.411979,31.66642,64.16649,24,20,20,22,20,20,18
10336007,2017.447939,31.65785333,64.16977,18,10,23,18,10,11,11
10336008,2017.448552,31.66622,64.167375,19.5,13.5,20,19.5,13.5,12,12
10336009,2017.450002,31.667,64.16633333,20,10.5,27,20,10.5,11,11
10336010,2017.451292,31.64941667,64.14729,15,10.5,17,15,10.5,11,11
10336011,2017.451825,31.64648833,64.13526,12,10.5,12,12,10.5,12,12
10336013,2017.453194,31.61896,64.10111667,11,10,11,11,10,11,11
10336018,2017.456516,31.678795,64.15851667,14.5,12,16,14.5,12,12,12
91712002,2017.517161,31.66786167,64.16658,17,14,14,17,15,12,12
91712004,2017.517803,31.668385,64.157625,14,12,14,14,12,12,12
91712005,2017.518436,31.66667167,64.16778833,13,11,14,13,11,12,12
91712007,2017.519077,31.66753333,64.16599833,10.5,9.5,11,10.5,9.5,11,11
91712009,2017.520571,31.66903333,64.171375,17.5,13.5,22,17.5,13.5,12,12
91712010,2017.521134,31.66659667,64.163575,12,10.5,12,12,10.5,12,12
91712012,2017.521813,31.668875,64.17068167,13,12,12,13,12,12,12
91712013,2017.52249,31.66637167,64.16708167,10.5,10,11,10.5,10,11,11
91712014,2017.523101,31.66634,64.167745,12.5,11,12,12.5,11,12,12
91712015,2017.523312,31.670575,64.18266333,10.5,9.5,11,10.5,9.5,11,11
91712017,2017.524677,31.67091667,64.17097,11,10,11,11,10,11,11
10337005,2017.542669,31.65869667,64.16710667,16.5,15.5,19,16.5,15.5,15,11
10337008,2017.544414,31.666945,64.1672,19,15.5,18,19,15.5,12,12
10337009,2017.545093,31.66717,64.16741167,14,10.5,11,14,10.5,11,11
10337010,2017.545967,31.66806833,64.16636,15,12.5,12.5,15.5,12.5,13,11
10337012,2017.547045,31.66147667,64.13433,17,15.5,19,17,15.5,11,11
10337013,2017.547679,31.64174833,64.13835667,11.5,11,11,11.5,11,11,11
10337017,2017.549353,31.66702167,64.16566833,13,12.5,13,13,12.5,13,13
10338006,2017.620384,31.65868833,64.16173333,19,35,19,19,19,19,11
10338007,2017.621121,31.670245,64.16330833,24,23,25,24,23,11,11
10338008,2017.622656,31.66743,64.16626,24,22,24,24,24,24,12
10338009,2017.623061,31.66576,64.16510667,19.5,18.5,20,19.5,18.5,20,18
10338010,2017.62336,31.66988,64.16594167,26,44,26,26.5,26,26,26
10338011,2017.623689,31.67591667,64.16864333,27.5,27,29,27.5,27,29,11
10338012,2017.624148,31.67695167,64.16756833,23,21.5,23,23,21.5,15,11
10338013,2017.624659,31.68167333,64.17941333,26,42,26,26,26,26,24
10338015,2017.626621,31.66798667,64.165045,26,44,26,26,26,12,12
10339002,2017.695795,31.66667833,64.16635833,25,25,25,25,25,25,23
10339005,2017.698078,31.67718167,64.17151833,26,14,14,26.5,16,14,12
10339006,2017.699384,31.66719,64.16533333,29.5,27,27,29.5,30,13,11
10339007,2017.7004,31.66653333,64.22403,31,29,29,31,29.5,17,11
10339008,2017.700856,31.66704333,64.25307667,29,28,22.5,29,22.5,12,12
10339011,2017.702755,31.66294,64.16486,33,33,32.5,33,32.5,33,31
61319002,2017.720388,31.66508667,64.16978,32,23,34,32.5,23,12,12
50052002,2017.737205,31.668585,64.16856,31,27,24,31,24,23,19
50052029,2017.769998,31.66588167,64.17000667,27,27,27,56,39,33,11
10340001,2017.791448,31.65710167,64.16683667,62,62,43,62.5,43,14,14
10340004,2017.79426,31.66503,64.166665,52,42.5,42.5,45,42.5,40,30
10340005,2017.79527,31.66545167,64.16450667,49,35.5,35.5,38.5,35.5,33,29
10340006,2017.796377,31.62802667,64.22035833,53,37.5,37.5,40.5,37.5,37,11
10340008,2017.798122,31.66595167,64.168535,63,49.5,63,56,49.5,49,43
61323004,2017.849332,31.668395,64.167165,27,32.5,32.5,39,32.5,27,11
10341008,2017.878225,31.66871667,64.16969,59,47,47,68.5,49,45,43
10341009,2017.878891,31.66840833,64.16973,84,59.5,59.5,80.5,59.5,62,20
10341010,2017.880306,31.667065,64.16735667,76,61.5,61.5,89.5,61.5,62,12
10341012,2017.881336,31.64575833,64.251085,64,48.5,48.5,81,48.5,40,40
10341016,2017.883588,31.66700333,64.16959333,90,66,66,90,66,68,44
61325003,2017.906651,31.66330667,64.16806167,87,70,70,87,70,68,12
61326003,2017.925949,31.66399,64.16422,102,93,93,95.5,93,92,20
10342008,2017.946471,31.66616167,64.168835,117,115,115,117.5,115,115,89
10342009,2017.947298,31.665355,64.16456,99,73,73,97,73,85,23
10342010,2017.948807,31.6668,64.16777833,116,112,116,117.5,112,112,44
10342011,2017.949393,31.667335,64.16298833,122,121,122,124,121,106,32
10342017,2017.954363,31.66449,64.16630333,100,498,100,100.5,100,58,14
61329003,2018.028476,31.66748667,64.16668167,121,121,121,122.5,121.5,115,47
10343002,2018.037783,31.67057833,64.16545167,120,111.5,111.5,115.5,111.5,24,24
10343005,2018.04042,31.66823333,64.16444167,111,103.5,103.5,105.5,103.5,19,13
10343006,2018.041239,31.66449,64.162725,93,96.5,96.5,105,96.5,93,21
10343007,2018.041956,31.66783667,64.166595,63,66,66,80.5,66,63,13
10343009,2018.042989,31.70737833,64.15587333,45,13,19.5,62,19.5,45,11
10343010,2018.043763,31.74122833,64.17007,27,35,25,73,35,27,25
10343012,2018.0455,31.64013833,64.14664667,109,14.5,14.5,113,14.5,103,11
10344002,2018.109028,31.66596667,64.16510833,12,16,12,32,16,12,12
10344005,2018.111069,31.66159,64.16654667,22,40.5,12,95.5,40.5,22,12
10344006,2018.111787,31.66894667,64.15758833,11,12.5,11,28.5,12.5,11,11
10344008,2018.113185,31.66326833,64.16514833,126,64.5,64.5,125,64.5,42,38
10344010,2018.114212,31.68394,64.09141,13,25,11,65.5,25,13,11
10344013,2018.11621,31.66561667,64.164385,26,40.5,16,70,40.5,26,16
20344001,2018.155713,31.66638667,64.16636,11,11,11,14,11,11,11
20344002,2018.157032,31.66650833,64.17009333,24,60,14,61.5,60,24,14
20344003,2018.158046,31.620005,64.15424333,30,58,24,65.5,58,30,24
10345002,2018.19915,31.67316,64.16112833,130,124,124,125,124,110,104
10345003,2018.200067,31.68462333,64.15647833,142,142.5,142.5,142.5,142.5,128,128
10345005,2018.201398,31.65281,64.18462167,144,140.5,140.5,144,140.5,86,20
20345001,2018.224498,31.668845,64.16781333,150,78,78,150.5,78,22,22
20345002,2018.225495,31.661525,64.17080167,138,141.5,138,140.5,141.5,112,14
20345004,2018.229414,31.66225333,64.17129833,177,167,167,169,167,11,11
20345005,2018.229804,31.66992167,64.15755,11,24.5,11,167,24.5,11,11
10346001,2018.278682,31.688555,64.17385667,42,32,32,42.5,32,16,14
10346002,2018.280784,31.66795167,64.16877333,50,50,48,51,50,50,34
10346003,2018.280972,31.66854833,64.16735167,49,49,47,49.5,49,49,11
10346004,2018.282049,31.67297833,64.18906667,11,11.5,11,12.5,11.5,11,11
10346005,2018.282991,31.6691,64.17235833,36,37,36,38.5,37,34,32
10346006,2018.283855,31.67503667,64.19077833,41,40,40,41,40,13,11
10346007,2018.284429,31.68966667,64.22397,11,10,10,11.5,10,11,11
10346012,2018.288845,31.6667,64.16671,17,18,18,20.5,18,17,15
20346001,2018.308971,31.66829333,64.16622,12,15,12,31,15,12,12
20346011,2018.31503,31.66878667,64.168015,46,46.5,46,47,46.5,46,44
20346012,2018.315862,31.66644167,64.16449,45,47,45,47.5,47,43,15
20346013,2018.316322,31.684635,64.17177333,39,43.5,39,44.5,43.5,39,39
10347008,2018.390411,31.66083667,64.144985,16,12,16,12.5,12,12,12
10347009,2018.390997,31.66445833,64.16843,15,11.5,18,15,11.5,12,12
10347010,2018.392557,31.66817333,64.16460333,12,12,12,12.5,12,12,12
10347016,2018.395738,31.66948167,64.16739,16,14,16,16,16,16,14
10348006,2018.444127,31.658615,64.14603833,19,13,13,13.5,13,15,11
10348008,2018.448573,31.669815,64.166425,21.5,19.5,23,21.5,19.5,11,11
10348009,2018.450381,31.66708167,64.16765167,24,23,25,24,23,21,21
10348011,2018.452298,31.667005,64.165475,19.5,18,22,19.5,18,14,14
10348012,2018.452797,31.66741833,64.16576333,28,46,28,28.5,28,28,24
10348013,2018.453537,31.624475,64.14329333,21,19,21,21,19,11,11
91819001,2018.503463,31.66680167,64.16622333,14,12.5,14,14,12.5,12,12
91819003,2018.504229,31.66825,64.17205833,21,20,22,21,20,20,20
91819005,2018.505076,31.665985,64.164855,16,11,11,16,13,15,11
91819006,2018.506107,31.66693333,64.16728,17.5,15,15,17.5,15.5,11,11
91819007,2018.506963,31.67345167,64.171945,14,12,14,16,14,12,12
91819009,2018.50786,31.66725833,64.16636833,14,13,11,14,11,11,11
91819010,2018.508615,31.67059833,64.17103667,20,14,20,17.5,14,12,12
91819011,2018.509414,31.66616667,64.16623667,14.5,13,11,14.5,13,11,11
91819012,2018.510401,31.66612167,64.167275,21.5,16,24,21.5,16,14,12
10349001,2018.541781,31.65451667,64.18793333,33,10,10,11.5,10,11,11
10349004,2018.543556,31.66454333,64.16671833,29,17,29,18,17,17,17
10349014,2018.549939,31.612665,64.10001,33,18,18,23,18,11,11
10349016,2018.551436,31.66615167,64.16297,23,18,18,23,18.5,18,14
10349017,2018.552285,31.65256667,64.14801667,24,21.5,22,24,21.5,22,14
10349018,2018.552787,31.62429333,64.1301,22.5,20,24,22.5,20,12,12
10349020,2018.55457,31.669985,64.16728333,23,22,24,23,22,22,20
61342003,2018.578183,31.6759,64.1715,20,16.5,26,20,16.5,12,12
10350008,2018.614935,31.666785,64.16437333,22,18.5,14,22,18.5,14,14
10350009,2018.615675,31.664615,64.16576,31,12.5,12.5,21.5,12.5,11,11
10350010,2018.61719,31.664835,64.16169667,21.5,13,13,21.5,14,15,13
10350012,2018.618141,31.66426167,64.15513167,20,12.5,12,20,12.5,12,12
10350013,2018.61867,31.66357833,64.14814,10.5,9.5,9.5,10.5,9.5,11,11
10350014,2018.619146,31.66767667,64.13113833,18.5,17,13,18.5,17,13,13
10350016,2018.620327,31.66678167,64.16772833,38,16.5,16.5,18,16.5,18,14
10350020,2018.624494,31.66633333,64.16654667,30,13.5,13.5,16,13.5,12,12
10351008,2018.694551,31.67213,64.15862333,31,30,29,31,30,31,29
10351010,2018.695107,31.66647167,64.16411,32,42,32,32,32,34,26
10351011,2018.696651,31.66657333,64.16682333,32,38,32,32,32,30,18
10351012,2018.697711,31.71594667,64.12963833,28,27,28,28,27,28,12
10351016,2018.699772,31.66977833,64.16495833,32,30,32,32,32,32,32
61346003,2018.731516,31.66684667,64.16333333,35,33.5,35,35,33.5,33,15
50053002,2018.742551,31.66683333,64.16695833,39,17,41,39,17,11,11
50053003,2018.742799,31.66823333,64.16776167,34,34,34,34,34,12,12
50053028,2018.775411,31.66811167,64.16696667,28,28,28,43,37,38,34
10352008,2018.795721,31.66533667,64.16537833,47,45,47,47,47,49,13
10352009,2018.796404,31.666295,64.16501667,50,48,46.5,50,46.5,50,12
10352011,2018.797228,31.66420167,64.16503333,46,45.5,47,46,45.5,43,11
10352015,2018.803501,31.668545,64.16515667,63,63,63,63,63,63,33
10352017,2018.804441,31.67742333,64.10437667,57,57,57,57,57,57,39
10352021,2018.809372,31.667585,64.16706167,54,54,54,54.5,54,48,18
10352022,2018.809827,31.67115167,64.16429167,52,52,52,52.5,52,48,46
10352023,2018.811994,31.66662333,64.165885,55,53,55,55,53,55,13
10353008,2018.848059,31.65204,64.15400833,36,32,32,37.5,36.5,36,26
10353009,2018.848691,31.661065,64.16623,59,49.5,49.5,52,49.5,51,11
10353011,2018.850181,31.66518,64.166045,38,25,25,29,25,12,12
10353012,2018.851149,31.63113667,64.2228,12,20,12,17.5,27.5,12,12
10353017,2018.853994,31.66592,64.16548833,73,59.5,59.5,73,59.5,12,12
10353020,2018.856225,31.66667167,64.16757,79,42.5,42.5,55,42.5,39,39
10353021,2018.857766,31.66801667,64.17541,23,26.5,23,36,26.5,23,23
10354011,2018.952163,31.6776,64.16322667,18,22,22,45.5,22,18,12
10354012,2018.952749,31.66780333,64.16748667,60,22.5,22.5,60,22.5,18,16
10354013,2018.954292,31.66650333,64.16568667,37,39.5,37,46,39.5,37,37
10354016,2018.955365,31.68612667,64.19003,18,19,19,21.5,19,18,14
10354017,2018.956052,31.72136667,64.19886667,46.5,24,24,46.5,24,23,11
10354020,2018.957498,31.66589667,64.168485,66,48,48,58,48,46,32
10355008,2019.028917,31.66921,64.208225,147,127,127,127.5,127,11,11
10355009,2019.029564,31.66799,64.16905,27,70,27,62.5,70,27,27
10355010,2019.031006,31.66638833,64.16689,118,119,118,119.5,119,118,16
10355013,2019.032097,31.651005,64.23628667,112,92,92,94.5,92,18,18
10355017,2019.034551,31.66589,64.166945,119,113,96,96,113,41,95
10356007,2019.130335,31.66237667,64.18571833,40,47,47,112,47,40,14
10356008,2019.130936,31.66402833,64.17033,14,16,16,113.5,16,14,12
10356009,2019.132376,31.66585667,64.17402,41,50.5,27,133,50.5,41,15
10356013,2019.133415,31.62615333,64.17843833,44,31.5,31.5,44,31.5,11,11
10356014,2019.133727,31.61156333,64.17896667,12,15,12,41,15,12,12
10356021,2019.137812,31.66423167,64.17227,47,73.5,47,86.5,73.5,47,47
10357006,2019.189743,31.666795,64.166865,96,97,97,196,97,96,40
10357007,2019.191581,31.677875,64.17569833,14,33.5,14,67,33.5,14,14
10357008,2019.192542,31.66571667,64.16672667,32,61.5,26,73,61.5,32,26
10357010,2019.193659,31.65388667,64.17777167,75,116.5,63,124,116.5,75,63
10357011,2019.194068,31.66518333,64.200995,77,77.5,77.5,115,77.5,77,11
10357012,2019.194412,31.66450667,64.20005833,81,105,105,116.5,105,81,53
10357014,2019.195816,31.67017667,64.17268667,76,115.5,115.5,176.5,115.5,76,12
10357018,2019.200887,31.69894167,64.2147,53,189.5,71,197,189.5,61,21
10358008,2019.266455,31.67079,64.091685,12,18,12,19,18,12,12
10358009,2019.266764,31.66781,64.08637333,12,18,12,19,18,12,12
10358010,2019.267009,31.66741833,64.16727333,33,13,13,33,13,12,12
10358012,2019.271079,31.66989833,64.18384833,33,11.5,11.5,15,11.5,11,11
10358014,2019.272373,31.66713833,64.089525,35,24.5,24.5,27.5,24.5,23,11
10358015,2019.273145,31.66826,64.16463167,32,27.5,27.5,29.5,27.5,14,12
10358017,2019.274713,31.66628,64.16627333,49,49,47.5,49.5,47.5,43,41
10358020,2019.275803,31.65124333,64.250365,42,37.5,37.5,43,37.5,18,16
10358023,2019.277744,31.67182333,64.09034833,51,51,51,51.5,51.5,51,29
10358024,2019.278154,31.66347833,64.168435,48,46,48,48,48,48,48
10358026,2019.280021,31.65363167,64.14914167,29,31,27,32.5,31,29,29
20358001,2019.301284,31.65842,64.16479167,32,32,32,33.5,33.5,20,20
20358002,2019.303489,31.67116333,64.15397333,37,37,36.5,37,36.5,27,25
20358003,2019.304861,31.66806,64.17027,35,33,33,36.5,36,33,33
20358005,2019.305997,31.68753333,64.19669333,47,45,47,47,47,11,11
20358006,2019.306866,31.69427,64.22455667,40,38,40,40,40,36,16
10359007,2019.359989,31.67241,64.09045833,35,35,35,37,36,35,13
10359008,2019.360287,31.66974,64.089065,37,45,37,37.5,37,37,37
10359009,2019.360856,31.666755,64.16980833,35,34,35,35,34,11,11
10359010,2019.363468,31.66694,64.16215833,27,14.5,14.5,26,14.5,11,11
10359012,2019.365126,31.67177833,64.16494833,30,23.5,32,27,23.5,20,16
10359013,2019.365506,31.67034667,64.09042167,15,16,15,17,16,15,13
10359015,2019.366254,31.74716667,64.17037833,25,24,24,26,24,25,11
10359020,2019.370139,31.66848667,64.16726,40,32,32,36.5,32,12,12
10359021,2019.370995,31.67149333,64.08982833,30,30,29,31,29,24,22
10359022,2019.371364,31.66729833,64.16934833,28,27,27,28.5,27,16,12
10360006,2019.4286,31.66866167,64.08962667,11,11,11,13,11,11,11
10360007,2019.428824,31.66748667,64.09720333,11,10,10,12,10,11,11
10360008,2019.429355,31.67128833,64.17485667,11,9.5,9.5,14,9.5,11,11
10360010,2019.432093,31.66731,64.168425,34,12.5,12.5,20,12.5,12,12
10360011,2019.433147,31.66596667,64.16740833,51,21,21,30,21,17,11
10360012,2019.433619,31.67069,64.17282167,28,28,28,30,28,26,14
10360013,2019.433999,31.66851667,64.09108,23,21,21,23.5,21,17,17
10360015,2019.434722,31.64120333,64.241085,34,25,25,29,25,12,12
10360019,2019.437869,31.66586167,64.16924833,36,11,11,15,11,12,12
50055001,2019.456802,31.64760833,64.18198333,11,15,11,12,11,11,11
50055002,2019.4593,31.66785833,64.16511167,9,11,9,9.5,9,11,11
10361009,2019.535852,31.66663833,64.16851167,15,12.5,12,15,12.5,12,12
10361012,2019.538767,31.67284,64.15801,10.5,9.5,11,10.5,9.5,11,11
10361015,2019.540451,31.66683333,64.17031167,12,11,12,12,11,12,12
10361017,2019.541545,31.72540167,64.200435,11.5,10.5,11,11.5,10.5,11,11
10361019,2019.542618,31.66408167,64.1669,11.5,10.5,12,11.5,10.5,12,12
10361025,2019.545291,31.66533167,64.16757,12,10,11,12,10,11,11
10362009,2019.62715,31.665905,64.16747667,43,16.5,16.5,37,16.5,11,11
10362010,2019.629271,31.66021667,64.166355,23.5,12,26,23.5,12,12,12
10362022,2019.637348,31.66623333,64.16698,11,11,11,11.5,11,11,11
61366003,2019.657241,31.66548167,64.16583,18,11.5,12,18,11.5,12,12
10363010,2019.687061,31.66346167,64.15848833,27.5,25,20.5,27.5,20.5,21,11
10363013,2019.689606,31.66963833,64.16603167,31,31,27,31,27,11,11
10363015,2019.691157,31.665585,64.16857167,22.5,21,29,22.5,21,11,11
10363017,2019.692129,31.64236,64.21722,30,17,35,30,17,11,11
10363018,2019.692177,31.63852833,64.22369667,26,18,33,26,18,11,11
10363023,2019.694842,31.66655833,64.16570167,30,20.5,31,30,20.5,11,11
61368003,2019.709665,31.66643333,64.16707,31.5,29,13.5,31.5,13.5,13,11
50056002,2019.740365,31.669565,64.168845,44,42,42,44,42.5,42,42
10364010,2019.804827,31.66312,64.16620167,49,18.5,18.5,49,18.5,11,11
10364013,2019.807325,31.662555,64.16724333,47,47,47,47.5,47,25,27
10364014,2019.808965,31.66974333,64.16377167,47,47,45.5,47,45.5,45,41
10364017,2019.810089,31.64852833,64.174955,47,40,47,47.5,40,47,11
10364018,2019.810824,31.65811667,64.193545,43,43,37,43,37,11,11
10364021,2019.812089,31.66623833,64.16570167,51,47,49,51,49,19,15
10365008,2019.876317,31.65824167,64.16002333,13,71,13,32.5,71,13,13
10365009,2019.878666,31.666695,64.16097,63,36.5,36.5,45,36.5,33,19
10365012,2019.883078,31.66907,64.16892333,72,28,28,72,28,69,11
10365014,2019.8843,31.64015167,64.173855,71,25,25,65.5,25,17,11
10365015,2019.884806,31.618525,64.20815333,64.5,36,36,64.5,36,14,12
10365017,2019.887414,31.66428667,64.16987167,80,70.5,70.5,74.5,70.5,66,58
61374005,2019.907629,31.66422167,64.167925,71,70,71,71.5,70,61,11
10366008,2019.941025,31.667795,64.12301,32,94,12,54.5,94,32,12
10366009,2019.941212,31.66662333,64.12486833,97,97,97,97.5,97,21,23
10366010,2019.941707,31.666345,64.17884667,11,43.5,11,46,43.5,11,11
10366013,2019.944344,31.66385667,64.16635667,90,90,90,90.5,90,12,12
10366014,2019.946062,31.66715667,64.16766333,36,94,18,96.5,94,94,18
10366015,2019.946463,31.66476167,64.12272,84,55,55,64.5,55,30,28
10366017,2019.947137,31.63833833,64.24610833,83,63.5,63.5,73,63.5,31,25
10366024,2019.950715,31.66860167,64.16803333,88,82,82,86,82,46,12
10366026,2019.951941,31.66607333,64.12425333,25,44.5,26.5,26.5,44.5,25,23
61377004,2020.019564,31.66435833,64.16801333,92,97.5,92,98,97.5,92,12
10367009,2020.067873,31.67971667,64.16506667,30,44,28,67.5,44,30,28
10367010,2020.069166,31.66528667,64.17081167,67,67,71.5,72.5,71.5,67,41
10367013,2020.070456,31.66986167,64.18086667,29,57.5,11,64,57.5,29,11
10367014,2020.071048,31.67021167,64.18836333,14,40.5,14,51.5,40.5,14,14
10367017,2020.072746,31.68221167,64.14153167,45,54,54,77,54,45,11
10368006,2020.157294,31.669225,64.174655,96,106.5,96,106.5,106.5,96,96
10368007,2020.157935,31.66499333,64.16722167,20,104.5,16,106,104.5,20,16
10368008,2020.159343,31.66925333,64.16588833,24,28,28,32,28,24,12
10368014,2020.163722,31.66695667,64.16551833,89,97.5,97.5,98,97.5,89,65
10369006,2020.515304,31.6656,64.16572,23,21,20.5,23,20.5,19,11
10369008,2020.518029,31.66670667,64.16556667,17,17,15,17,15,11,11
10369011,2020.519814,31.66489833,64.16767,15,12.5,15,17,12.5,11,11
10369012,2020.520387,31.66893,64.14278,15,15,13.5,15,13.5,11,11
10369013,2020.520784,31.66128667,64.12673333,16,16,11.5,16,11.5,12,12
10369015,2020.521795,31.65150833,64.12263167,0,0,0,9.5,9,11,11
10369017,2020.524175,31.66804,64.16747833,13,12,12,13,12,12,12
10369022,2020.528571,31.66528667,64.16917,15,13,13,14,13,13,11
10370001,2020.57608,31.66180167,64.17657,12,14,12,12,12,12,12
10370002,2020.577258,31.657735,64.24691833,13,12.5,13,14,12.5,13,11
10370003,2020.578328,31.69726167,64.21178,23,15,15,20,15,11,11
10370004,2020.578685,31.71615167,64.23270333,20,12,24,20,12,12,12
10370006,2020.580487,31.66801333,64.162845,13,37,13,13.5,13,13,13
10371007,2020.627068,31.66755,64.16789333,23,17,17,18,17,17,17
10371010,2020.629165,31.68162333,64.16336167,18,14,14,14.5,14,16,12
10371014,2020.632407,31.66674833,64.16820167,26,32,26,26.5,26,26,20
10371015,2020.632868,31.66989667,64.16898167,27,25,27,27,25,11,11
61387003,2020.645258,31.66588,64.16921667,22.5,13,23,22.5,13,11,11
10372001,2020.710544,31.67521667,64.16790167,10.5,9.5,9.5,10.5,9.5,11,11
10372002,2020.711529,31.668095,64.16560333,12,17,12,34.5,17,12,12
10372003,2020.71206,31.66174333,64.17088,12,16,12,16.5,16,12,12
10373001,2020.729432,31.67255667,64.16525,51.5,48.5,62,51.5,48.5,18,16
10373002,2020.730322,31.66828,64.17017,50.5,49.5,50,50.5,49.5,50,50
10373003,2020.73133,31.68231,64.17358,69.5,27.5,27.5,69.5,27.5,14,12
10373004,2020.731677,31.66822833,64.18554333,16.5,11.5,11.5,16.5,11.5,11,11
10373005,2020.732212,31.66059,64.23112167,54,28,28,54,28,12,12
10373006,2020.733276,31.669635,64.16770667,56,51.5,65,56,51.5,35,17
10373008,2020.734438,31.666,64.168555,46,13.5,13.5,36,13.5,12,12
10373009,2020.734631,31.666825,64.16703,48,41,56,48,41,14,14
50057015,2020.778385,31.66824667,64.16729333,12,29,12,29,29,12,12
10374002,2020.815559,31.67066167,64.16542333,55,55,55,55,55,55,55
10374005,2020.817718,31.67044833,64.16519833,63,465,63,64,63,63,27
10374006,2020.818733,31.66758667,64.191955,50,49.5,50,50,49.5,50,46
10374007,2020.81904,31.68164833,64.204465,56,454,56,56,56,56,12
10374008,2020.819359,31.68692667,64.22555333,54,54,54,54.5,54,18,18
10374009,2020.820932,31.66698167,64.16567833,50,49.5,50,52,49.5,48,46
10374010,2020.821285,31.66608667,64.16784667,45.5,41,53,45.5,41,41,17
10374020,2020.829114,31.66692667,64.1662,32,26.5,26.5,62.5,26.5,26,22
10375007,2020.878525,31.66182667,64.16872333,68.5,68.5,68.5,68.5,77,41,11
10375008,2020.878986,31.66550833,64.16427667,82,65,82,82.5,65,40,14
10375009,2020.882546,31.66694333,64.16675667,73,73,73,75,74.5,73,45
10375010,2020.883383,31.66888,64.164015,87,441,87,87.5,87,81,29
10375012,2020.884477,31.646915,64.17580667,86,84.5,86,86,84.5,84,40
10375013,2020.884745,31.641475,64.16639833,79,81,79,79.5,79,79,21
10375014,2020.88513,31.622785,64.175595,82,86,82,82.5,82,80,12
10375016,2020.887358,31.67042,64.16278167,91,91,91,91.5,91,85,47
10375017,2020.887807,31.665625,64.16805,86,86,83.5,86,83.5,80,80
10376002,2020.942207,31.656625,64.17023667,64,94,92,95,94.5,92,92
10376003,2020.944515,31.66733,64.16309,90,60,60,90,60,38,32
10376004,2020.944849,31.667945,64.16678333,102,102,102,103,102,102,16
10376006,2020.946241,31.66778833,64.16108833,83,83,83,84.5,84,85,83
10376008,2020.947218,31.63831667,64.08830333,95,94,96,95,94,88,18
10376018,2020.952911,31.665635,64.16430333,80,22,22,80,22,13,13
10376021,2020.95902,31.66985,64.16624167,39,91,25,89.5,87,83,25
10377001,2021.062293,31.66751,64.16949833,116.5,115,107,116.5,107,79,45
10377002,2021.062681,31.66834167,64.16455167,107,109,97,109,109,61,29
10377004,2021.066642,31.65970333,64.16621167,30,120,14,117.5,116.5,114,14
10377005,2021.067247,31.665525,64.16236667,102,104,100,104,104,90,14
10377007,2021.067852,31.66699,64.17841333,93,85,85,90,89.5,85,21
10377008,2021.06817,31.66297333,64.158245,93,91,93,93,93,93,93
10378006,2021.116634,31.66424,64.17019667,200,204,204,212.5,204,200,134
10378007,2021.117281,31.678535,64.07235833,12,163.5,12,217.5,163.5,12,12
10378008,2021.119743,31.66727333,64.16567667,12,24,12,183.5,24,12,12
10378009,2021.121404,31.66382833,64.16528833,17,83.5,11,193,83.5,17,11
10378011,2021.122422,31.596545,64.16919667,13,13,13,14,13,11,11
10378019,2021.127392,31.666325,64.16654333,22,34,22,35.5,34,22,22
10378020,2021.127804,31.66669,64.173515,12,26,12,26,26,12,12
10379001,2021.205091,31.66626167,64.163905,180,180,180,181,181,182,16
10379007,2021.207985,31.66686167,64.16455333,204,204,208,208.5,209,202,22
10379008,2021.209037,31.666095,64.16411167,198,198,198,200,200,198,198
10379009,2021.21016,31.63837833,64.11337833,191.5,189,189,191.5,189,16,12
10379010,2021.210392,31.63644333,64.102735,12,13,12,16,13,12,12
10379011,2021.210904,31.64308167,64.09008833,11,10,10,37.5,10,11,11
10379013,2021.212675,31.66998167,64.16220833,11,14.5,11,16.5,14.5,11,11
10379014,2021.212926,31.66379667,64.16710167,11,16.5,11,20,16.5,11,11
20379001,2021.227135,31.66653333,64.16577,12,10.5,10.5,12,10.5,12,12
20379002,2021.228198,31.667255,64.16722333,12,14.5,12,17,14.5,12,12
20379003,2021.229178,31.69170833,64.13091833,12,15.5,12,16,15.5,12,12
20379004,2021.229511,31.69857167,64.10609667,11,10,10,11,10,11,11
20379005,2021.229857,31.701325,64.09722333,11,14,11,16.5,14,11,11
10380002,2021.260339,31.67826,64.17381667,57,66,55,67.5,66,57,11
10380004,2021.262365,31.66681,64.16823667,34,57,16,59.5,57,34,16
20380001,2021.322913,31.66705833,64.16718,49,25.5,25.5,27.5,25.5,13,13
20380003,2021.324009,31.667275,64.16612333,11,14,11,30,14,11,11
20380004,2021.324795,31.70138,64.18858167,29,31,31,32,31,31,15
20380005,2021.325365,31.74180167,64.20611333,39,24,24,26,24,11,11
20380007,2021.327835,31.66794833,64.16732333,27,23,23,24.5,23,21,11
10381003,2021.3609,31.66050833,64.18088,11,10.5,10,11,10.5,12,12
10381009,2021.36508,31.66680667,64.16624833,24,12.5,12.5,14.5,12.5,12,12
10381011,2021.366094,31.654845,64.16095833,16,16,16,18,16,14,12
10381012,2021.366364,31.64111333,64.166305,15,10.5,10.5,18.5,10.5,11,11
10381013,2021.366642,31.634385,64.16879,21,14,14,17.5,14,11,11
10381014,2021.366962,31.62143333,64.17587833,18.5,12,12,18.5,12,12,12
10381015,2021.368387,31.667585,64.16644667,22,21.5,22,23,21.5,20,12
10381021,2021.374355,31.66731,64.16612333,25,18,18,25,18,13,13
10382001,2021.453489,31.652355,64.15690167,16,16,16,16,16,16,14
10382002,2021.454018,31.66512,64.16493,19,14.5,20,19,14.5,12,12
10382004,2021.455518,31.66850833,64.16303,19,19,19,21,20.5,21,21
10382006,2021.456572,31.62836667,64.139985,24,24,24,25,24.5,22,14
10382007,2021.456872,31.62129667,64.13472667,31,29,31,31,31,29,29
10382008,2021.457251,31.62724333,64.126055,25.5,25,27,25.5,25,23,13
10382011,2021.458798,31.664535,64.16555167,28,27.5,28,28,27.5,18,18
10382012,2021.459302,31.66559833,64.16558833,23,25,23,23.5,23,11,11
10382013,2021.459557,31.66376167,64.16604,24,15,26,20,15,12,12
10382024,2021.464876,31.66404667,64.16725,13.5,11.5,11,13.5,11.5,11,11
10383001,2021.517605,31.66319833,64.1667,18,15,15,18,15.5,15,15
10383005,2021.520038,31.66263833,64.164735,13,12,11,13,12,11,11
10383007,2021.521277,31.66533667,64.16342167,29,15,10.5,29,10.5,11,11
10383009,2021.522314,31.69958833,64.15372333,25.5,17,11,25.5,11,11,11
10383010,2021.522664,31.71259167,64.15889,12.5,11,12,12.5,11,12,12
10383011,2021.522957,31.72203833,64.14916167,24,14,11,24,11,12,12
10383013,2021.524551,31.667575,64.16470833,19.5,19,17,19.5,17,15,11
10383014,2021.525145,31.66597833,64.16426833,31,17.5,17.5,21.5,17.5,11,11
10383015,2021.525401,31.66486833,64.16293167,11.5,10.5,12,11.5,10.5,12,12
10383022,2021.530928,31.68747,64.151345,20,17.5,20,20,17.5,12,12
10383026,2021.533398,31.72119667,64.14000833,25,17,17,19.5,17,13,11
10383027,2021.533455,31.71724667,64.1454,16.5,14.5,12,16.5,14.5,12,12
10383028,2021.533487,31.71566,64.14815167,21,15.5,15.5,17.5,15.5,13,11
10383029,2021.533522,31.71378333,64.15200167,21,13.5,13.5,17.5,13.5,11,11
10383030,2021.533556,31.71381667,64.155705,16,14,20,16,14,12,12
10383031,2021.53359,31.713665,64.15897667,18,12.5,12.5,14.5,12.5,12,12
10383032,2021.533624,31.714005,64.16183333,20,12.5,12.5,14,12.5,12,12
10383033,2021.534018,31.66735333,64.16834333,15,11.5,12,15,11.5,12,12
10383035,2021.536975,31.66896,64.16885,17.5,16,12,17.5,16,14,12
10384010,2021.631522,31.66072,64.15849167,36,36,35.5,36,35.5,34,34
10384011,2021.632161,31.66566,64.163055,30,30,13,30,13,14,12
10384013,2021.633621,31.66819333,64.161535,35,35,19.5,35,19.5,17,15
10384014,2021.634131,31.66700167,64.15491333,38.5,37.5,39,38.5,37.5,29,29
10384015,2021.634642,31.66659333,64.13757833,29.5,29,10.5,29.5,10.5,11,11
10384016,2021.634971,31.67919167,64.11909667,11,10,10,11,10,11,11
10384017,2021.635278,31.69827833,64.10226667,12.5,11,11,12.5,11,11,11
10385002,2021.69739,31.66689333,64.18075,50,17.5,17.5,50,17.5,17,11
10385004,2021.698457,31.66860667,64.16962167,32.5,16,50,32.5,16,12,12
10385005,2021.699406,31.669735,64.166605,41.5,19.5,43,41.5,19.5,19,17
10385006,2021.700006,31.65549333,64.17486333,46,25.5,49,46,25.5,13,11
10385007,2021.700354,31.63787333,64.18671333,46,19.5,19.5,46,19.5,12,12
10385008,2021.700698,31.62971167,64.20130333,40.5,25,47,40.5,25,11,11
10385009,2021.701081,31.62336167,64.21877667,45.5,28.5,47,45.5,28.5,11,11
10385019,2021.705126,31.66696167,64.16627833,47.5,40,48,47.5,40,12,12
10385020,2021.705887,31.66731,64.16727333,46,46,21.5,46,21.5,16,12
10386003,2021.758936,31.66448667,64.16694667,53,51,53,53.5,53,53,53
10386005,2021.760755,31.66799167,64.16635667,52,52,52,52.5,52,54,50
10386008,2021.762445,31.66773167,64.16535833,55,55,55,55,55,55,49
10386009,2021.763021,31.66090667,64.178145,55,55,55,55,55,53,53
10386010,2021.763474,31.65768167,64.196605,47,47,47,47,47,49,11
10386011,2021.763761,31.66418167,64.22603167,44,48,44,44,44,12,12
10386012,2021.764325,31.66231667,64.24388833,53,59,53,53.5,53,53,45
10386014,2021.765911,31.67810333,64.10878833,18,14,14,18,14,15,11
10386015,2021.766214,31.66712167,64.16702333,21.5,13.5,13.5,21.5,13.5,12,12
10386016,2021.766383,31.66720667,64.16670833,20.5,16.5,16.5,20.5,16.5,15,11
50058004,2021.777867,31.66506333,64.16807833,52,31,31,52,31,23,13
50058007,2021.779528,31.72536333,64.21996333,34,40.5,40.5,54,40.5,42,26
10387002,2021.878088,31.67436667,64.17458167,78,72.5,72.5,74,72.5,12,12
10387003,2021.878944,31.667555,64.16722333,81,80,79,81.5,80,11,11
10387004,2021.880337,31.66720333,64.167445,83,79,79,81,79,81,75
10387005,2021.880921,31.66957167,64.18614333,85,80.5,79,82.5,80.5,81,11
10387006,2021.881301,31.66509333,64.22721167,79,78,77,79,77,78,78
10387007,2021.881592,31.67801333,64.23507833,95,93,92,95,92,91,79
10387008,2021.882043,31.69289167,64.25212333,70,70,70,71,70,70,70
10387020,2021.889654,31.62544667,64.17863,82.5,82,80.5,82.5,80.5,24,24
10387021,2021.889819,31.66489667,64.16800333,96,90.5,90.5,95.5,90.5,92,84
10387022,2021.890103,31.66822833,64.17112,91,88,88,92,88,89,75
61420004,2021.926454,31.66955333,64.168235,37,70,37,77.5,70,37,37
10388004,2021.943103,31.66775333,64.166265,73,76.5,76.5,84,76.5,73,35
10388011,2021.947369,31.66191167,64.176705,11,45,11,85.5,45,11,11
10388016,2021.949854,31.70681667,64.14647333,80,80.5,80.5,98.5,80.5,80,16
10388017,2021.950023,31.66587667,64.170475,76,76,76,81,76,76,16
10388018,2021.950392,31.66934167,64.17534,55,66,66,71,66,55,17
10388019,2021.951594,31.66619167,64.16961833,83,88.5,88.5,94.5,88.5,83,77
10388021,2021.95253,31.65274167,64.21753333,11,16,11,13.5,16,11,11
10388022,2021.952803,31.64907667,64.23981333,11,11,11,12.5,13,11,11
10388023,2021.953252,31.65932167,64.25031167,14,18,12,18,18,14,12
10389002,2022.031522,31.66868,64.16869333,106,106,106,107.5,107.5,24,12
10389003,2022.032251,31.66874,64.16308,40,62,51,51,62,40,12
10389004,2022.032894,31.662245,64.175965,109,102,94,94,102,77,13
10389005,2022.033796,31.66629833,64.16931667,112,108,108,114,113,112,26
10389006,2022.034315,31.6732,64.16201667,114.5,113.5,115,114.5,113.5,105,19
10389007,2022.034705,31.68026167,64.16961333,116,115.5,116,116,115.5,114,112
10389008,2022.034966,31.69654333,64.16730833,118,118,117,118,117,118,72
10389010,2022.035833,31.66709333,64.1674,104,104,104,104.5,104,102,24
10389015,2022.041433,31.66692833,64.16576167,103,101,103,103.5,103,97,15
10390008,2022.239855,31.67504333,64.16021667,100,108,108,112.5,108,100,64
10390009,2022.240487,31.66589,64.16955167,104,106.5,106.5,109.5,106.5,104,24
10390010,2022.241895,31.66703833,64.16648333,53,54,51,54,54,55,23
10390011,2022.242985,31.61244833,64.15042667,81,81,83,84,85,79,79
10390013,2022.243729,31.66727833,64.16736,94,98,96,96.5,98,56,30
10390014,2022.24398,31.66534,64.16604333,62,73.5,72,72,73.5,62,18
10390016,2022.246507,31.66696333,64.1667,75,80,80,86.5,80,13,11
10390018,2022.248723,31.66598333,64.166155,62,25,25,43.5,25,12,12
10390020,2022.251166,31.66449833,64.16794167,13,24,13,28.5,24,13,13
20390001,2022.262433,31.63068833,64.18570667,12,20.5,12,29.5,20.5,12,12
20390002,2022.263765,31.663605,64.22604667,15,12.5,12.5,17,12.5,11,11
20390003,2022.264384,31.65780167,64.25030167,18,17.5,17.5,19,17.5,12,12
10391006,2022.330143,31.66586667,64.181625,89,93,89,93.5,93,91,91
10391007,2022.330826,31.66625833,64.16820167,96,93,93,93.5,93,24,16
10391008,2022.332251,31.666095,64.16729,90,91,90,91.5,91,76,14
10391009,2022.332591,31.669605,64.17607833,82,82,84,86.5,86,84,84
10391010,2022.333255,31.61527833,64.18696167,93,89,89,89.5,89,87,11
10391011,2022.33356,31.59935333,64.21671667,112,103,103,104,103,12,12
10391014,2022.33551,31.66689,64.16699,113,17.5,17.5,111,17.5,13,11
10391015,2022.336014,31.66490667,64.16795,13,12.5,12.5,54.5,12.5,13,11
10391016,2022.336221,31.66324833,64.16734667,12,13,12,17.5,13,12,12
10391017,2022.336416,31.662055,64.16784167,12,11.5,11.5,14.5,11.5,12,12
10391020,2022.338904,31.66358,64.16532167,10,12,10,14.5,12,12,12
61428003,2022.361301,31.66654167,64.16742,17,9,11,17,11,11,11
10392007,2022.39051,31.67230167,64.17404667,19,13,13,16.5,13,11,11
10392008,2022.39247,31.66638,64.16994167,25,15,15,17.5,15,15,11
10392010,2022.393512,31.670945,64.20596167,17,16,17,18,16,15,11
10392011,2022.393839,31.66479667,64.25041833,28,12,12,14,12,12,12
10392015,2022.395949,31.66841333,64.16615667,13,13.5,13.5,15.5,13.5,13,11
10392016,2022.39629,31.66571333,64.16475833,11,12,11,14,12,11,11
10392017,2022.396499,31.64961333,64.16761,12,12,12,16,12,12,12
50059004,2022.437759,31.66557333,64.16542667,40,13.5,13.5,36.5,13.5,12,12
10393005,2022.488879,31.66645667,64.166465,38,11,11,19,11,12,12
10393007,2022.48949,31.65157833,64.144545,17,12,11,17,11,12,12
10393008,2022.490196,31.66519833,64.16564667,40,20.5,20.5,23.5,20.5,22,20
10393009,2022.491113,31.666875,64.16907667,32,16,16,20.5,16,18,12
10393010,2022.491914,31.6557,64.20436333,34,17.5,17.5,23.5,17.5,20,12
10393011,2022.492194,31.67909833,64.21210667,30,11.5,11.5,19.5,11.5,18,12
10393012,2022.492477,31.67375167,64.22596,14,10,10,14,11.5,12,12
10393013,2022.492983,31.67459833,64.233505,12.5,10,11,12.5,10,11,11
10393015,2022.494397,31.66434833,64.16720333,18,14,13,18,13,12,12
10393016,2022.494935,31.667655,64.16565833,17.5,10.5,10.5,17.5,10.5,12,12
10394006,2022.532882,31.653615,64.18161167,16.5,13,19,16.5,13,11,11
10394007,2022.533514,31.66716,64.16103833,15,14,12.5,15,12.5,12,12
10394008,2022.534136,31.66354167,64.170815,14.5,12.5,12,14.5,12.5,12,12
10394009,2022.534998,31.66640167,64.17390333,19,10.5,22,19,10.5,12,12
10394010,2022.535519,31.64362833,64.17979333,14.5,10,17,14.5,10,11,11
10394011,2022.536045,31.62555333,64.19890667,11.5,10,11,11.5,10,11,11
10394012,2022.536358,31.60727667,64.213975,11,10,11,11,10,11,11
10394015,2022.538847,31.66638,64.16634833,36,10.5,10.5,11.5,10.5,12,12
61434003,2022.589346,31.66692667,64.16547667,12.5,11.5,12,12.5,11.5,12,12
10395008,2022.615065,31.66078833,64.16453833,13,12.5,12,13,12.5,12,12
10395009,2022.615803,31.66600333,64.16633667,10.5,10,11,10.5,10,11,11
10395010,2022.617127,31.66604833,64.16527667,12,11.5,12,12,11.5,12,12
10395011,2022.617704,31.67315167,64.164235,20.5,19.5,25,20.5,19.5,19,11
10395012,2022.618177,31.69561667,64.201175,13.5,13,11,13.5,13,11,11
10396006,2022.708052,31.665985,64.16844667,14.5,12.5,12.5,14.5,12.5,12,12
10396007,2022.710282,31.66421167,64.16768667,14,12,12,14,12,11,11
10396008,2022.710868,31.67735333,64.20061,17.5,15,15,17.5,15,15,11
10396009,2022.711197,31.68819,64.22140833,12,17,12,21,17,12,12
10396010,2022.711507,31.68172833,64.2267,11,16,11,21.5,16,11,11
10396011,2022.711904,31.68231833,64.21976667,26,18,12,26,18,12,12
10396012,2022.71359,31.67274333,64.167665,32.5,31,31,32.5,31,29,21
61437003,2022.742637,31.66242333,64.14888167,11,13,11,18,13,11,11
10397006,2022.779458,31.673265,64.16191833,33.5,22,22,33.5,22.5,22,20
10397007,2022.78003,31.66771333,64.16479667,53,29,29,33.5,29,29,23
10397008,2022.782083,31.66706,64.16643833,57,35,37,39,37,37,19
10397009,2022.782654,31.66444,64.16431833,48,30.5,30.5,37,30.5,32,24
10397010,2022.782829,31.66642333,64.16440833,55,24.5,24.5,34,24.5,23,23
10397015,2022.788018,31.666565,64.16961667,36.5,34.5,34.5,36.5,34.5,26,26
10397016,2022.788295,31.66987167,64.16871667,56,24.5,24.5,35,24.5,22,12
10397017,2022.788583,31.66650167,64.16556167,34,33,33,37,33,34,12
10398002,2022.89747,31.67438833,64.15796833,64,68,64,64,64,64,54
10398003,2022.898105,31.67437833,64.15512833,77,87,77,77,77,77,11
10398004,2022.898723,31.66534833,64.16670167,64,64,64,65.5,64.5,64,14
10398005,2022.899534,31.66695167,64.16401167,56,0,48,66,66,68,30
10398006,2022.900103,31.66858667,64.13728667,75,73.5,75,75,73.5,73,45
10398007,2022.900546,31.676925,64.10723667,67,81,67,67.5,67,63,63
10398008,2022.900818,31.660125,64.13358833,74,69,74,74,69,64,54
10398013,2022.906946,31.66656333,64.16721333,70,68.5,68.5,70,68.5,32,40
10399007,2022.948105,31.66671,64.166825,85,82.5,82.5,85,82.5,81,37
10399010,2022.949625,31.675495,64.149115,96,81,81,82,81,72,28
10399011,2022.950211,31.667595,64.166615,40,53,53,53.5,53,40,12
10399014,2022.952275,31.67307333,64.16396,94,59.5,59.5,70.5,59.5,52,32
10399015,2022.952934,31.66679,64.16630333,60,71.5,52,73.5,71.5,60,52
10399016,2022.954336,31.66723667,64.16779167,105,104.5,105,106.5,104.5,105,41
10399017,2022.954962,31.66146667,64.149415,99,99.5,99,100.5,99.5,99,99
10399019,2022.957099,31.66818833,64.16692667,103,100.5,104,103,100.5,34,34
10399020,2022.957374,31.688385,64.16349,112,106.5,106.5,107,106.5,44,12
10399021,2022.957764,31.70183833,64.15818333,101,84.5,84.5,88.5,84.5,37,37
10399022,2022.958004,31.69976667,64.14578333,97,87,87,88.5,87,31,31
10399023,2022.958349,31.71154333,64.14001333,17,77.5,29,77.5,77.5,17,29
10400002,2023.026627,31.638905,64.12326333,108,93.5,93.5,103,93.5,84,54
10400003,2023.027061,31.66802667,64.17512,104,102.5,102.5,105,102.5,102,12
10400011,2023.030999,31.66657167,64.16600667,32,448,16,109,108,106,16
10400012,2023.0316,31.65184167,64.18188,115,495,115,115.5,115,111,111
10400013,2023.032028,31.62638333,64.19383667,102,102.5,102,104.5,102.5,102,52
10400014,2023.032399,31.61963833,64.21222167,105,105,105,105,105,39,39
10400017,2023.033995,31.66705667,64.16125833,108,108,108,109,108.5,108,48
10401007,2023.096857,31.67000167,64.16232667,131,131.5,129,130.5,131.5,85,19
10401008,2023.09738,31.66724,64.17581333,135,123.5,123.5,124.5,123.5,105,11
10401009,2023.09778,31.64432667,64.15267,133,133,133,136.5,133,121,47
10401010,2023.098113,31.640415,64.16061333,63,115.5,63,116,115.5,63,63
10401011,2023.098628,31.66269333,64.15993333,51,118,61,117,118,51,61
10401012,2023.099855,31.665555,64.163475,129,125.5,125.5,126,125.5,97,97
10402003,2023.213527,31.65590667,64.17355833,197,132,132,213,132,197,23
10402004,2023.214511,31.66611167,64.16666167,73,167,73,205.5,167,73,73
10402005,2023.215072,31.66804833,64.16936667,210,172,172,185.5,172,116,104
10402006,2023.215478,31.65275333,64.16274167,136,138,138,156.5,138,136,16
10402007,2023.215818,31.66167833,64.17238667,14,15.5,14,27.5,15.5,14,14
10402008,2023.216155,31.64968833,64.17228333,14,17,14,26,17,14,14
10402017,2023.224229,31.679125,64.07678,14,23.5,12,123.5,23.5,14,12
10402018,2023.225928,31.66797833,64.16538667,87,238.5,11,243.5,238.5,87,11
10402019,2023.227121,31.66664667,64.16676,13,24.5,13,140,24.5,13,13
10402020,2023.228718,31.66574333,64.165785,43,63.5,35,64.5,63.5,43,35
10403003,2023.280822,31.667325,64.16920833,31,31.5,31,33.5,31.5,33,17
10403004,2023.281421,31.70388667,64.20202833,11,17.5,11,28,17.5,11,11
10403005,2023.281817,31.66762667,64.169775,0,11,11,15.5,11,11,11
10403007,2023.283453,31.66707667,64.16676833,27,32.5,31,35,32.5,27,21
10403008,2023.284199,31.66504167,64.17164167,11,25,11,35,25,11,11
10403010,2023.285675,31.66827333,64.16813,39,15,17,18,17,17,15
10403011,2023.286189,31.66271667,64.18368667,42,15.5,15.5,17.5,15.5,14,12
10403012,2023.28671,31.67754667,64.20791667,52,20,20,28.5,20,12,12
10403013,2023.287051,31.69256333,64.226315,11,18.5,11,26,18.5,11,11
10403014,2023.287607,31.70075833,64.23324833,0,14,11,20,14,11,11
10404009,2023.360301,31.67241333,64.164495,55,55,54,55,54,51,33
10404010,2023.360928,31.66839333,64.16794,54,15.5,15.5,46.5,15.5,12,12
10404011,2023.362338,31.669445,64.16591167,49,50,50,50.5,50,41,41
10404013,2023.363417,31.69995667,64.18108833,53,48,48,49.5,48,11,11
10404014,2023.363655,31.71760833,64.17062833,11,11,11,38,11,11,11
10404015,2023.363919,31.73573667,64.16635667,11,11,11,13.5,11,11,11
10404021,2023.366897,31.66477167,64.16884667,40,22,22,26,22,12,12
10405007,2023.469912,31.66076333,64.16456333,13,11,12,13,11,12,12
10405008,2023.470546,31.665135,64.16518167,22,16,16,19,16,14,12
10405009,2023.472,31.66209167,64.16830833,9.5,9,9,9.5,9,11,11
10405011,2023.473006,31.67021,64.1537,11,10,11,11,10,11,11
10405012,2023.473364,31.66727333,64.16345,12,11,11,12,11,11,11
10405013,2023.473697,31.66060333,64.15423833,15.5,15,13,15.5,13,11,11
10405017,2023.475609,31.66525167,64.17544167,12,12,12,13.5,12.5,14,14
10405018,2023.475868,31.661255,64.16978667,0,0,0,10.5,10,12,12
50060003,2023.495965,31.66470333,64.16744167,15,14,15,15.5,14,15,11
50060025,2023.526075,31.666905,64.16706,21.5,20.5,21,21.5,20.5,21,21
10406008,2023.568204,31.666235,64.16560333,11.5,10,11,11.5,10,11,11
10406009,2023.568655,31.65784667,64.15195833,13,10,11,13,10,11,11
10406010,2023.569321,31.66522667,64.16452333,11.5,10,11,11.5,10,11,11
10406011,2023.570554,31.66529667,64.16418833,11,10,11,11,10,11,11
10406013,2023.57164,31.64723333,64.13264167,11.5,10.5,12,11.5,10.5,12,12
10406014,2023.572022,31.64619333,64.11856833,13.5,12.5,15,13.5,12.5,11,11
10406015,2023.572329,31.63769,64.09555167,14,12,12,14,12,12,12
10406017,2023.574842,31.666915,64.16568833,11.5,10.5,12,11.5,10.5,12,12
61455003,2023.600266,31.66669333,64.16681333,21,21,14.5,21,14.5,13,11
10407010,2023.620784,31.65703833,64.17137667,21,17.5,25,21,17.5,11,11
10407011,2023.621452,31.66659,64.16734,18,10.5,23,18,10.5,11,11
10407012,2023.622664,31.66516833,64.16376333,20.5,19,23,20.5,19,19,11
10407013,2023.623229,31.65781167,64.177245,20,19,21,20,19,17,11
10407014,2023.623638,31.65458,64.20552333,18,17,21,18,17,11,11
10407015,2023.623927,31.65167667,64.211915,18,16,13.5,18,13.5,12,12
10407016,2023.624169,31.65542,64.22045,20.5,15,14,20.5,14,11,11
10407017,2023.624465,31.65056333,64.23164667,10.5,9.5,11,10.5,9.5,11,11
10407020,2023.626376,31.66512833,64.16568,13.5,12,12,13.5,12,12,12
10408004,2023.717548,31.66121,64.16088667,11,10,10,11,10,11,11
10408006,2023.719557,31.666295,64.168065,12,11,11,12,11,12,12
10408008,2023.721324,31.668095,64.16694,12,13,12,13.5,13,12,12
10408009,2023.721846,31.66540333,64.169635,14,16.5,14,19.5,16.5,14,14
10408010,2023.722196,31.71183667,64.205145,35,32,26,35,32,30,26
10409008,2023.793272,31.66786,64.16798833,49.5,48,50,49.5,48,46,42
10409009,2023.793908,31.66536333,64.16691833,36,35,37,36,35,35,11
10409010,2023.795293,31.66578333,64.16580833,58,58,56.5,58,56.5,56,16
10409011,2023.795849,31.66576833,64.157395,58,54,54,58,56,28,16
10409012,2023.796239,31.67135,64.16388667,46,45,46,46,45,44,40
10409013,2023.796556,31.68926833,64.175735,40,39,41,40,39,39,39
10409014,2023.796927,31.72301833,64.19955167,37,36.5,37,37,36.5,37,37
10409019,2023.799326,31.67094167,64.16287,44,40,40,44,42,12,12
61460003,2023.833061,31.66383167,64.16461333,65,65,65,65,65,61,59
10410007,2023.877978,31.66901833,64.17056667,73,73,71.5,73,71.5,23,13
10410008,2023.884448,31.63003167,64.16408333,64,42,42,55,42,34,22
10410009,2023.885803,31.66793333,64.16862167,36,31.5,31.5,68,31.5,32,26
10410010,2023.886674,31.66265333,64.16543,79,65.5,67,70,65.5,69,39
10410011,2023.887118,31.66966833,64.17165833,60,60.5,60.5,62,60.5,58,58
10410012,2023.88855,31.66980833,64.16628833,67,65,65,67.5,65.5,67,23
10410013,2023.889562,31.59826,64.22098833,71,65,65,66.5,65,61,15
61462003,2023.909507,31.66686833,64.167285,51,37.5,51,40,37.5,27,17
10411006,2023.946577,31.66647,64.16711333,64,64,62.5,64.5,62.5,60,14
10411007,2023.947255,31.666855,64.16684667,77,74.5,77,77.5,74.5,73,73
10411008,2023.948818,31.667645,64.161725,67,69.5,69,69,69.5,35,35
10411009,2023.949433,31.675025,64.180375,67,68,68,69,68,19,61
10411010,2023.949844,31.707005,64.19598167,77.5,77,79,77.5,77,15,13
10411011,2023.950126,31.72370167,64.19850333,84,89,84,84,84,25,21
10411012,2023.950586,31.742905,64.205075,21,69.5,21,55.5,69.5,21,21
10411015,2023.95251,31.67061667,64.16657333,84,84,84,85,84,84,20
61465002,2023.973174,31.66368167,64.1713,80,80,78.5,80,78.5,76,12
10412009,2024.042568,31.67049167,64.16709,114,116.5,116.5,123.5,116.5,114,16
10412010,2024.043279,31.66648667,64.16707667,136,87.5,87.5,125,87.5,12,12
10412011,2024.045118,31.66317333,64.16851833,135,125,125,133.5,125,65,61
10412012,2024.045598,31.665785,64.16572667,148,110.5,110.5,133.5,110.5,64,12
10412013,2024.047338,31.668065,64.169355,135,127.5,127.5,139.5,127.5,93,25
10412014,2024.048103,31.69906333,64.191605,142,127,127,140.5,127,110,104
10412015,2024.048374,31.71599167,64.19510167,143,120.5,120.5,138,120.5,115,87
10412016,2024.048622,31.72059167,64.188525,20,113.5,20,131.5,113.5,20,20
10413001,2024.117384,31.66490667,64.167665,208,208.5,206,212.5,208.5,26,26
10413002,2024.117663,31.66858167,64.16368833,202,199.5,199.5,209,199.5,34,34
10413003,2024.11864,31.6655,64.16632167,36,202.5,26,208.5,202.5,36,26
10413005,2024.126575,31.66383,64.16684,74,212.5,74,214.5,212.5,134,18
10413006,2024.127298,31.623825,64.13768167,211,214,211,216.5,214,211,141
10413007,2024.127964,31.64133,64.10089833,165,178,163,179,178,165,163
20413002,2024.159354,31.66623167,64.164425,165,180.5,167,185,180.5,109,11
20413003,2024.160407,31.64260667,64.08087167,14,29,14,49.5,29,14,14
10414004,2024.190877,31.66712833,64.16884333,38,39.5,36,46.5,39.5,38,36
10414008,2024.196482,31.66505333,64.17952,82,125,125,128.5,125,82,24
10414009,2024.19759,31.66685333,64.16767833,102,112.5,102,112.5,112.5,100,100
10414010,2024.198613,31.68696167,64.14085,100,106.5,104,110.5,106.5,26,16
10414011,2024.198884,31.68943833,64.119475,21,55.5,21,84,55.5,21,21
10414012,2024.199127,31.694325,64.09047333,39,83,37,84.5,83,39,37
10414014,2024.20104,31.65913333,64.14095,26,29.5,26,29.5,29.5,28,26
20414001,2024.232988,31.666405,64.16844,70,71.5,70,72.5,71.5,66,28
10415006,2024.291206,31.66081167,64.17703667,10,12,10,12.5,12,12,12
10415007,2024.291902,31.66722667,64.166655,12,18,12,34,18,12,12
10415008,2024.293124,31.66701333,64.16872167,14,12,14,14.5,14,12,12
10415009,2024.293733,31.71304333,64.13891833,14,15,14,15.5,15,12,12
10415010,2024.294071,31.733925,64.110555,25,11.5,11.5,13,11.5,11,11
10415015,2024.296879,31.66587333,64.16398167,9,11,9,11.5,11,11,11
20415002,2024.316803,31.66667333,64.16624333,24.5,23.5,26,24.5,23.5,12,12
20415003,2024.316944,31.66172667,64.16499,26,23.5,23.5,23.5,23.5,12,12
20415004,2024.317684,31.66714333,64.16500833,28,30,28,32,30,18,12
20415005,2024.318192,31.67681333,64.13852,37,38.5,37,39,38.5,35,15
20415006,2024.318655,31.69963333,64.09225,28,24,24,28,24,14,12
20415011,2024.321055,31.66889167,64.16737167,32,32.5,32,34.5,32.5,26,20
20415012,2024.321638,31.666575,64.157205,36,35.5,36,37.5,35.5,22,18
20415013,2024.321976,31.67196333,64.16035833,35,35.5,35,36,35.5,31,31
10416001,2024.43111,31.68202333,64.163805,11.5,10.5,10.5,11.5,10.5,12,12
10416008,2024.440644,31.66689,64.16360667,13,12.5,13,13,12.5,13,11
10416009,2024.440951,31.66177667,64.16744167,12,12,12,13,12.5,12,12
10416010,2024.441724,31.672925,64.17769167,15,11,15,15,11,11,11
10416011,2024.441997,31.67877,64.19764833,13.5,11.5,14,13.5,11.5,12,12
10416012,2024.44235,31.69872167,64.19706833,9,19,9,9.5,9,11,11
10416015,2024.444822,31.66387833,64.16640833,13,12,14,13,12,12,12
50061004,2024.485322,31.66801167,64.16551667,19,15.5,12,19,15.5,12,12
50061005,2024.485637,31.66618833,64.16675167,15,12.5,11,15,12.5,11,11
10417007,2024.542401,31.66222667,64.162405,10.5,10,12,10.5,10,12,12
10417008,2024.543067,31.66523,64.16499667,13,11.5,13,13.5,11.5,11,11
10417009,2024.544397,31.66545,64.16773833,11.5,11,11,11.5,11,11,11
10417010,2024.545088,31.66239333,64.15343333,18,17.5,16,18,17.5,18,16
10417011,2024.545435,31.67182333,64.12705,13,13,13,13,13,13,13
10417012,2024.545778,31.65707167,64.10453667,11,10,10,11,10.5,12,12
10417013,2024.546249,31.643705,64.08488833,16,14,20,16,14,12,12
10417015,2024.548476,31.66589167,64.164725,11,11,10,11,10,11,11
10418009,2024.633927,31.66671,64.17090167,13,11.5,11.5,13,11.5,12,12
10418011,2024.635995,31.66543167,64.16493833,10.5,9.5,9.5,10.5,9.5,11,11
10418013,2024.637363,31.66732833,64.160445,11,10.5,10.5,12,10.5,11,11
10418014,2024.63805,31.64579167,64.15251,12,12,12,13.5,12,12,12
10418015,2024.638378,31.632325,64.17807333,11,10,10,11,10,11,11
10418016,2024.638703,31.63313667,64.19609,14,12,12,14,12,11,11
10418020,2024.641289,31.664935,64.17179,11,10.5,10.5,11,10.5,12,12
10419007,2024.698197,31.66907167,64.1597,28,28,28,28.5,28.5,30,28
10419008,2024.699029,31.665505,64.16561167,24,19,34,24,19,16,12
10419009,2024.700226,31.66846333,64.16757833,24,23.5,37,24,23.5,23,11
10419010,2024.700827,31.67,64.17586,32,31,35,32,31,31,19
10419011,2024.701218,31.67996,64.16695833,27.5,26.5,36,27.5,26.5,22,12
10419012,2024.701567,31.67101333,64.184005,39,11,11,25,11,11,11
10419015,2024.704389,31.66778167,64.16627667,28,28,28,30,28,12,12
10420007,2024.785599,31.67317,64.16097667,48,15.5,15.5,40,15.5,14,12
10420008,2024.786246,31.66515667,64.16597167,38,38,23.5,38,23.5,12,12
10420009,2024.787701,31.66645333,64.16529667,46.5,45,47,46.5,45,45,17
10420010,2024.788261,31.676415,64.16713333,42,42,42,42.5,42,42,12
10420011,2024.788678,31.69174667,64.16466833,41,39,41,41.5,39,39,11
10420012,2024.788995,31.70341833,64.17791167,40,15.5,40,40,15.5,36,12
10420014,2024.791564,31.66605333,64.16522167,25,16,12,25,16,12,12
10421006,2024.889568,31.664705,64.17191333,69,33.5,33.5,69,33.5,26,14
10421007,2024.89027,31.66468,64.165805,73,42,42,73,42,35,25
10421008,2024.891577,31.66504333,64.16441667,74,52,52,59,52,40,40
10421009,2024.892192,31.67398167,64.16494667,69,43.5,43.5,60.5,43.5,37,13
10421010,2024.892557,31.67351167,64.17018333,61.5,43,70,61.5,43,32,22
10421011,2024.892909,31.69801,64.16944,69,46.5,46.5,68.5,46.5,43,21
10421013,2024.897896,31.67144667,64.178045,71,70.5,71,72,70.5,69,67
10421014,2024.898232,31.66694667,64.16964833,75,73,73,74,73,73,73
10421015,2024.89845,31.66669333,64.16599833,78,76,76,77.5,76,74,22
10421016,2024.899158,31.66944333,64.16772167,78,78,77,79.5,77,64,12
10421019,2024.900848,31.66710167,64.16742,81,85,81,81.5,81,79,19
10422004,2024.949408,31.66861667,64.16795167,133,55.5,55.5,118.5,55.5,99,29
10422005,2024.950495,31.66815333,64.16580167,122,36.5,36.5,102,36.5,12,12
10422007,2024.955057,31.67503,64.16403167,126,109.5,109.5,115.5,109.5,108,100
10422008,2024.955557,31.66644333,64.167845,122,114,114,117.5,114,112,106
10422010,2024.95718,31.66714833,64.16598,128,129,124,130.5,129,130,84
10422011,2024.957662,31.67623,64.194335,124,124,124,126.5,124,126,36
10422012,2024.957935,31.68628167,64.22734167,125,121.5,123,125.5,121.5,123,13
10423002,2025.043508,31.66683667,64.18272667,124,140,140,144,140,124,30
10423004,2025.044795,31.66702833,64.16462667,40,57.5,57.5,74,57.5,40,18
10423005,2025.045337,31.67082333,64.16032833,20,71.5,18,81,71.5,20,18
10423006,2025.045732,31.68739,64.10689333,25,108,25,118,108,25,25
10423009,2025.048014,31.667085,64.16592,76,89.5,74,90.5,89.5,76,74
10423010,2025.048623,31.66668,64.16632333,76,85,85,87.5,85,76,16
10423014,2025.0514,31.66826833,64.16588167,23,165,23,178.5,165,23,23
20423003,2025.076817,31.66634167,64.166055,39,48,48,52,48,39,25
20423004,2025.077627,31.66674,64.16547333,71,72.5,71,73,72.5,67,21
20423005,2025.078571,31.67595333,64.09505833,54,49.5,49.5,50.5,49.5,12,12
10424005,2025.112218,31.66445667,64.17073,16,19,16,19.5,19,16,16
10424006,2025.113269,31.66610167,64.16547667,33,36,33,36,36,33,21
10424007,2025.113818,31.65724167,64.15439167,29,33,31,33,33,31,31
10424008,2025.114172,31.647505,64.13374833,36,40.5,36,40.5,40.5,24,18
10424009,2025.114566,31.63654833,64.109015,45,51.5,49,52,51.5,45,25
10424011,2025.117045,31.667255,64.16341833,12,16,12,19.5,16,12,12
10424015,2025.120143,31.65576167,64.157665,34,16.5,16.5,19,16.5,12,12
10425004,2025.169751,31.66461667,64.16936667,27,30,27,33,30,27,21
10425005,2025.17079,31.66515,64.1653,35,37,35,39,37,37,29
10425007,2025.171357,31.64976667,64.13331667,51,47,53,56,56,45,45
10425009,2025.171768,31.64798333,64.11116667,37,52,33,51.5,52,37,33
10425010,2025.172085,31.63438333,64.08936667,14,53,14,53.5,53,14,14
10425012,2025.174503,31.66428333,64.16678333,64,92,66,93,92,64,66
10425013,2025.174876,31.67686667,64.12881667,91,91,91,91.5,92,89,43
92504001,2025.186811,31.64971667,64.18858333,92,93,92.5,92.5,93,88,12
10426001,2025.254804,31.66485833,64.15883333,33,31,31,31,31,17,17
10426002,2025.255592,31.66601333,64.16255,27,31,29,30.5,31,21,11
10426003,2025.25617,31.66193,64.13539,31,34,33,34,34,29,29
10426004,2025.256575,31.653795,64.0975,28,30.5,30,31,30.5,20,12
10426007,2025.25937,31.66525667,64.16555,37,20.5,20.5,29.5,20.5,13,13
10426012,2025.262281,31.66591167,64.161625,0,13,12,15.5,13,12,12
10427001,2025.336341,31.67854333,64.15855,11,11,11,16,18,11,11
10427002,2025.336651,31.66975167,64.16717667,0,10.5,10.5,12,10.5,12,12
10427003,2025.337732,31.666215,64.16566167,15,16.5,16.5,17,16.5,15,13
10427004,2025.338369,31.67339,64.14397833,12,13,12,14.5,13,12,12
10427005,2025.338704,31.68426,64.122395,9,11.5,9,12,11.5,11,11
10427006,2025.339045,31.70529,64.11205667,11,0,11,14,13,11,11
10427008,2025.341497,31.66850333,64.166045,36,21.5,21.5,31,21.5,12,12
10427009,2025.342059,31.58651667,64.18942667,9,9.5,9,10.5,9.5,11,11
10428006,2025.418948,31.65697,64.150235,18,11,20,18,11,12,12
10428008,2025.419871,31.66373167,64.16672667,15,14,14,16.5,14,15,13
10428009,2025.420554,31.64885,64.13469333,17,16,16,18,16,17,15
10428010,2025.420951,31.64954667,64.10090833,18,17,18,18.5,17,12,12
10428011,2025.421347,31.63143833,64.08619667,20.5,13.5,22,20.5,13.5,12,12
10428014,2025.423921,31.66678,64.16885667,27.5,26,28,27.5,26,12,12
10428020,2025.426903,31.66771167,64.16739333,23,10.5,25,23,10.5,11,11
50063007,2025.473394,31.66839667,64.16697333,10,10,10,11,10.5,12,12
50063008,2025.473467,31.672035,64.17299,10.5,10,12,10.5,10,12,12
10429003,2025.528604,31.66144333,64.14773167,11,11,11,11.5,11,13,11
10429005,2025.529519,31.66743833,64.17001333,10,9,9,10,9.5,11,11
10429006,2025.530154,31.68333667,64.17012667,10,9.5,11,10,9.5,11,11
10429007,2025.530544,31.69242833,64.15849833,10,12,10,10,10,12,12
10429008,2025.530885,31.69474833,64.154025,10.5,10,12,10.5,10,12,12
10429009,2025.531539,31.70639333,64.14689667,12.5,11.5,13,12.5,11.5,11,11
10429011,2025.533337,31.66614333,64.16746167,9,25,9,9.5,9,11,11
10429015,2025.535624,31.66642,64.16602667,13,13,13,13,13,15,13
10430001,2025.611069,31.66775667,64.16027167,10.5,9.5,11,10.5,9.5,11,11
10430002,2025.611769,31.66869667,64.1661,10.5,9.5,11,10.5,9.5,11,11
10430003,2025.612342,31.66581333,64.15850167,11.5,9.5,11,11.5,9.5,11,11
10430004,2025.612734,31.65616333,64.15334333,13,12,12,13,12,12,12
10430005,2025.613078,31.665945,64.14684667,10,9.5,11,10,9.5,11,11
10430006,2025.613423,31.65995,64.13262167,11.5,9.5,11,11.5,9.5,11,11
10430007,2025.614966,31.66650333,64.16677167,12,11,12,12,11,12,12
10430008,2025.615689,31.66668667,64.17474333,16.5,15.5,17,16.5,15.5,11,11
10430014,2025.620944,31.66187167,64.16818667,21,13.5,20,21,13.5,14,12
